Wallet_id,entry_time
0x58ca2c4963dc65a53e4a82bc974a86d539d00ce8,2018-07-24 11:15:31 UTC
0xed4d87259bd1e8f4160733097a9c760c5f713f43,2018-01-27 05:30:03 UTC
0x529b270b0b2742646445d8f91d554028b8038cc5,2018-01-27 10:49:22 UTC
0xb4694560d1d86e989ebdf898cd8b55425f2e1465,2018-01-27 07:09:52 UTC
0xe1efb2741362a8ace0bcee39c79a51f3c1767a16,2017-11-09 15:19:53 UTC
0x9cbebfc3239c7f8bec4d657288612b770ae34fba,2018-01-27 09:32:21 UTC
0xceab6c133f0e509161d309a8a07f4eff52f8ae4e,2018-07-16 23:51:22 UTC
0x0fe0d90edefea84e8e6ccc1ff6c2b95e73a2d075,2018-07-17 11:42:29 UTC
0x9ac35e6055df33660d4db191910809515ad9a938,2018-07-17 16:01:54 UTC
0x149c886047ed3d172c2077d87aaae6b23634242f,2018-07-17 16:19:10 UTC
0x46d7b90f974bed9afc49a9555e693b7b600c9438,2018-01-27 10:56:33 UTC
0xae35740f3ea5ab6ba7b93933919459dc734028b2,2018-02-10 10:50:57 UTC
0x4b01721f0244e7c5b5f63c20942850e447f5a5ee,2017-07-15 05:34:21 UTC
0xd2c3d3a7474ba0e66ff9cff4be1a9018d98e6327,2019-02-20 15:18:24 UTC
0x7e52ccf6441d6e4b0c8571e743eb7ff92825f6cf,2017-07-22 10:29:27 UTC
0x4160fa6e6f8fbb4993f3b7da2f9f3ced950a7216,2020-05-24 05:45:45 UTC
0x173e29b9e97013935fbdb121c4c380a9a9a4ae44,2018-03-11 07:19:46 UTC
0xd1c27a04acf9ddb532fe69fbc886cc5bb7e05220,2018-01-27 06:56:56 UTC
0x3bce84b58cc55e779a601c1331cb58523003f07d,2018-01-27 10:56:33 UTC
0x7bc83b1be1b77eea0c4cb955e456db8b5a862b77,2018-05-03 11:54:00 UTC
0x00eeeb10b09cca5b7df30e18cc90e01ace0da59c,2018-01-26 16:10:25 UTC
0x4f0afb371606857ed8a6ef9cf55116a67329dbde,2018-01-27 10:49:22 UTC
0xac1ae9e27c3c2f99b42de478e65788a03e977c48,2018-08-28 15:29:09 UTC
0xdbf52f280e5eeec6afc5718acc3657b418a353e0,2018-03-07 09:15:45 UTC
0xdaf960b60efc631ea03535678d456dd208d4d92d,2018-02-10 07:55:28 UTC
0xf06c0907b4c200a2bd527b470f8d133c80fb3a13,2018-02-10 07:17:41 UTC
0x47c82f49ef9d1317ebcfb2547f863e926967737b,2018-01-08 03:46:56 UTC
0x6d2022b08f31f429b553647c0bea7a2a1dade818,2017-09-26 13:50:27 UTC
0x367515a2b464d752fee65d639ab27c4fc9c26cb2,2018-01-27 10:56:33 UTC
0x9ed41e624b3f6b4b8334d81199afc69beaecc07d,2018-07-16 17:51:53 UTC
0x0ca20f03989b40d7d173c1b7a6da888b6193e3cb,2018-02-10 13:23:44 UTC
0x91262345ed4bf7997af5bb276740377582b4d0f6,2018-01-26 15:31:56 UTC
0xcd64fe7323e14a9210e82ca3ab01996fc589e190,2018-02-10 09:53:19 UTC
0x7c7fd56928d30e3eceb86a40bb6ef7df91f8b86e,2018-07-21 00:45:23 UTC
0x7b481edb42fa91e40a700b66cccca51351530e7c,2020-03-26 05:47:30 UTC
0x1a7383362f88dc59bbe758dcd87a9430d865c247,2018-01-26 15:31:56 UTC
0x691994bf8e75423c77a5ed8e7103e4afb813cfc5,2018-01-27 10:39:02 UTC
0xfa9fa5240b752fe85e4576006dbdd829e45a0757,2018-08-28 20:23:35 UTC
0xd8a34ee4efddf9eb5a1c15ddd0520cd9b04c39b8,2018-07-21 10:31:25 UTC
0x92e3183a3f71630dfd259e396910017eeca04537,2018-01-27 09:33:39 UTC
0x643544edd4e018dcd9431d8b9ec81e72900c84e5,2018-04-30 16:11:55 UTC
0x1257cc5f1b193889fd50676e8ee4c6bceab4bb78,2018-01-26 15:55:19 UTC
0xb82a17f915eba47f8c5a62e1eab7709cb984d293,2018-01-27 07:05:32 UTC
0x35898cd81d7b150cbbb84edb3a9de2b594742ec2,2018-03-07 11:43:40 UTC
0x6fd0b557a6ef363af4c088f0b5bd745e68b8707a,2019-03-07 03:48:19 UTC
0x674397b116becf4ce0d504ae621a31dc96af81c7,2020-05-26 02:42:39 UTC
0xe7c7f6a7e432717306231165ea3b834db313676a,2018-07-17 16:21:20 UTC
0xc9f9bffd35ad7436c0ba74f9f6b8516c10876423,2018-01-27 06:58:00 UTC
0x1ccad1738cb8166c2ec6bc6bac4daacacb2df57c,2018-07-14 19:21:21 UTC
0x99df5d28bbeab42557314fc4e9f8c84174c1debd,2020-05-11 02:07:40 UTC
0xc1ff305255f250cbe5e23f675c1f3790b5b0e90b,2018-03-31 06:33:22 UTC
0x977cf2557628b7a66832046ebc533eb2001f06c7,2018-07-16 16:02:25 UTC
0xa336e586bb517f770e7a7f92a13bcc6194c04cd0,2018-03-07 12:15:59 UTC
0xb1cc86925a52e6da8dd3b6cfa3671ed5fbf46e26,2018-01-27 07:09:52 UTC
0x7b2e2647ffee5cd50c986e7942204f9e84b620b8,2018-02-10 08:49:26 UTC
0xfe41ce1aab0f4832a0ebf29ba10a436674dfdd5d,2018-01-27 05:24:02 UTC
0x5802bf59a917779a743d54dcf794e4e5376289a1,2018-07-17 14:03:55 UTC
0x7a4b1ee3deac5e459c21674a7afdbcf4f0a06d20,2018-07-23 19:09:23 UTC
0x6c0864092365755a3abe0934522d8eb7a81a0267,2018-02-10 08:32:43 UTC
0x497e59bc9c41915dd0b87f1bb20cbf69342631e2,2018-01-27 10:49:22 UTC
0xd9ad84bbdfdcd99fdec6d760258949d1b695f46f,2018-07-23 02:47:12 UTC
0x9f2409413f386751c406945aa95c2425436304b4,2018-07-21 08:22:50 UTC
0xaa85b24ac88a0a235f1977821194adce1cda9144,2017-11-04 13:44:20 UTC
0x26529dc4c21083f7c3b9939ca52cf976e68a56be,2018-02-10 08:04:09 UTC
0x97079c598f01269a9128cad8e2d1eb0a00b07cd3,2018-06-12 02:26:28 UTC
0x8313106cb4b273060a146813b0c6866f09bd1abe,2018-08-29 23:36:16 UTC
0x49e357a821288e5068fded6f94b11e064dd8ce5e,2020-05-21 06:00:08 UTC
0x1005943e01bbda0b68cc53bf2ddf41859ff3ae84,2018-01-26 16:57:07 UTC
0x572c04a9cac37f1d7ced40492a41b723c951ddf6,2018-07-16 13:39:41 UTC
0x5d6fa1d5847e1977c28183312f01721c57643ab0,2018-07-16 11:02:03 UTC
0x0145013aa430ab98fdebba623a7fdf16f0dd9783,2018-07-17 07:11:32 UTC
0x90c1d85862b98bfd70462f832f4bb2e3a22a3490,2018-01-27 05:14:17 UTC
0x0d132ef3c6ac789069d84758943b764b6dfde20e,2020-07-31 22:11:41 UTC
0xa14036f028c61c4bfd983bc342da1292e0d79b2d,2018-01-14 08:21:37 UTC
0x5d11e448fc2685cf093e1972d70a59402ece599f,2018-01-27 10:47:19 UTC
0xd81b5cbf7c009a2684f42788562248bdd52fff17,2018-07-17 13:27:17 UTC
0x83297c6dfef134fba5134efa08eaa3122a541704,2018-07-16 14:03:43 UTC
0xf0313d3f624a5fc17f6693c3ade9f4ece8582259,2020-04-05 00:20:35 UTC
0x4ac9453900b521ffc2a092feb4a4b51dace6955e,2020-05-03 01:11:00 UTC
0x55bfc68c2ca9342c6a70cc4eafa259d00f693992,2018-07-16 15:13:21 UTC
0x7de5ffa742adc512dc75aaaddfb55336edf7afd4,2017-11-04 02:56:19 UTC
0x984ec52f25124923fcdd6f517972c423ab83f5b3,2018-01-27 09:32:21 UTC
0x377fa896650649fccf4db7eafa2eae8bea49217e,2018-03-07 11:43:48 UTC
0x105065c24c7bfff85489b1a5e4e385734be70938,2018-07-15 18:03:28 UTC
0x8f153ce265c469293f5f02d24b3ed18a5726e73b,2018-01-26 16:50:21 UTC
0xe9c72435a6076ee2ccd9528974ec898355bb5087,2018-02-10 10:21:23 UTC
0x08d4ff35ff3c0ca3520b900b56e753ad667dbe5f,2018-07-20 19:21:36 UTC
0x5963e5984884e6b0f3db93ef3c144318287c4624,2018-07-21 04:13:00 UTC
0x627af12f75728f313d045e78516be6a3578a7a46,2018-01-27 10:46:53 UTC
0xbd21d1325246fd215e6ea342ecd0fcf5df270ce3,2018-03-07 10:02:04 UTC
0x9a0910e4f96739e33794fb9eba34745ba69b2fd3,2018-07-17 08:46:16 UTC
0xb8dbabb1e1124c9b03b840dd3998ffdeaab8b713,2018-04-18 03:57:57 UTC
0x8f7fec030d4a5325c590658382f6e7a54ba357f4,2018-01-27 09:33:39 UTC
0x173984dbfd11f785b0caa53cc5fa4b4afa8be1bf,2018-12-29 01:38:24 UTC
0x494a41ae894505dffa785326d47e1d88e98dec98,2018-01-26 15:31:56 UTC
0x69bbffde4b4f8cd1cce4accc04075b45b7a92f8e,2018-02-10 14:18:58 UTC
0x32427e55b113d7cc8442e1cfc3569b05ca8039df,2020-05-19 10:34:49 UTC
0xb0cf0f5f7e9925c299d341234243a200fe2d6cdf,2020-05-28 15:12:36 UTC
0xc49e3fc80f79cf7d2fe583abb5077013cd207c87,2018-02-10 17:14:51 UTC
0x2e81b3a6c697f0668368bfc9d081cc59d616194a,2018-12-09 05:22:04 UTC
0x9828da0c59e50ff1a4c73ec99edcf3e3cb7b046b,2018-02-18 18:06:10 UTC
0x4c6d5cc1a4958b3980f4aba526682eb187d68c66,2020-06-28 07:18:38 UTC
0xd6cb5bf466ed11e45169ff2bfd21a8348df03235,2018-07-17 16:03:05 UTC
0x1be28a8615f775dafddedc2a59e4a1fb6ae14954,2018-07-17 03:18:15 UTC
0xff713608dacb406f1c18550e9e2c2acd3f14767f,2020-05-20 10:44:19 UTC
0x3ff4c435cdf73a05514db978d1210e39d9a7135d,2020-06-28 09:17:07 UTC
0xfd3d1420bee17c0ad81e2bc7d23224cdc7e9d329,2018-02-10 19:03:58 UTC
0x511bf85f56f904fb7314226243deadd05bf4dbfd,2018-07-19 12:40:53 UTC
0x6f574a193389e08ed1d474a4b66c383723b6f592,2018-01-27 10:39:02 UTC
0xbe7121d6a903fd4ea9fcea0f0acd898fd7ec77c8,2018-01-27 07:05:32 UTC
0x5861a101472f69bf88e708e11dd5762cb21824f3,2017-08-08 18:54:48 UTC
0xf3827ec8e42c81dbed47cc307d827ccafbba72af,2018-07-19 14:42:50 UTC
0x02d512b15905e114c86b5ae3adfa1e7eb67ce442,2018-04-02 16:34:03 UTC
0xc67e4572ddc171bf94da9e89199d2d100cecf797,2018-01-27 06:58:06 UTC
0x46731cd2278039339a927551cdf8eb2ab2be6737,2018-07-14 21:48:07 UTC
0x4e27a678c8dc883035c542c83124e7e3f39842b0,2018-07-17 04:03:45 UTC
0x9255a6fd9eacad22e6f5823786b4db5995053bd6,2020-07-03 08:15:38 UTC
0x6913611e7e273a672d7070513375338df0fb2935,2018-01-26 14:44:54 UTC
0xb7326cc2d38cb7c737d23dde3813085c10342e5f,2018-01-26 15:31:56 UTC
0xae3970b1e3cdd366b8d63ca90b2b5127bdbb4514,2018-07-21 11:44:49 UTC
0xb1844c305a96441047db4c54e1c6e47890e79f7d,2017-07-25 07:27:41 UTC
0x5bc00a83174a469c8ba8b71d6c363f1fc6e6d92f,2018-01-27 10:47:19 UTC
0xcce67335d3bfaa20fe0a2b49fed775b064d4f0c8,2018-03-08 05:32:24 UTC
0xe6f79bf2c5a72eb879e90bd528133d8d177bae64,2018-02-10 09:40:41 UTC
0x3237f831ff9fbc9a3d2858318a5773fb13a02dd5,2018-01-27 10:56:33 UTC
0xc546bdcbe2dca6a2539273cffb0daf76488676af,2018-07-23 07:07:42 UTC
0x43bc8b475549c842e9443b7202d1744ab66bce04,2018-02-10 07:11:32 UTC
0x426a7e381ae6ace8972ad0904f51fc27e86caf3d,2018-01-27 10:56:33 UTC
0xca1f45c68cb38046b924b14320396b8b8fdd580e,2018-02-10 17:57:46 UTC
0x8739315e3b3c9bd625672782a020aab14b3bba1b,2018-01-27 10:35:22 UTC
0x0ecadba020cd90f77b65e510aee7f8fa44474857,2018-02-10 08:04:22 UTC
0xc9f7a893aa010765c4543bc5d9cee4c18df862d9,2018-01-27 06:58:00 UTC
0x2a63fc472be966e4308a9ab31a418daf54faf8c1,2018-01-26 16:14:59 UTC
0x2456bd7f6baf756276a1bab548988b8089f2e8b4,2018-07-17 15:14:48 UTC
0x03b94258577097b525e55d1fc810d6f48ac21316,2018-01-27 11:01:18 UTC
0x1df4b33adf617736565837505f599531eef52c18,2018-03-07 09:34:14 UTC
0xe0ddf2bc5e6d256fd5c462ae468a29f175ea869b,2018-01-27 06:45:48 UTC
0xfce5dc6bce87bfce60f9234a4b46ec2573350e16,2018-01-27 05:24:18 UTC
0x51b9f174877777a31db5b17822ccc220787e5211,2018-01-27 10:49:22 UTC
0x4a3b89abe671ca1ecd96f4828433a1f9791a8633,2018-01-27 10:49:22 UTC
0x8fcd8a4808107bb16816e41affb65af06bf1c1d7,2020-05-23 02:33:18 UTC
0x61cbe5d98cbdc9a0e6022f675f5715bd76f78df9,2020-07-04 00:53:40 UTC
0x5258c2ca77d00363bc0417d8d43ffa219a329603,2020-07-03 05:29:22 UTC
0x68b1e27f7fad5a9bb178c7338f1ff99d532b3edb,2018-02-10 07:54:23 UTC
0x0a032ed1fabfbc5c079456f25d1adf3a1c472774,2018-02-10 13:06:57 UTC
0xa49948092e39c86af36b20fe336201b287cd9f8b,2017-11-14 20:37:52 UTC
0xf37a24a2b9a89c500e093ac9f49c10d5673f6f74,2020-05-19 15:04:13 UTC
0x9bed17d893e51752ba59195614e7df4929eb95da,2020-05-26 10:06:49 UTC
0x5998d595fd4aaa6f2303b717788a325d57cf2b85,2020-06-16 11:41:41 UTC
0x2805dfed00fd61e14e4affa3a25ba1925a84e9dd,2020-05-21 03:18:46 UTC
0x1280cddf5a80c9c253d8ea0864f0114c8aee3743,2018-01-26 16:00:10 UTC
0x63396086d370397445209bcd8dce913f32618156,2018-07-18 09:13:39 UTC
0x035392de57aa4fe343d86494103dbe1b068a56c6,2017-11-11 14:06:20 UTC
0x35c3d6f2a683e68b570437bab934e2e459182c9d,2020-05-23 02:31:00 UTC
0x2a4beaf57700cd21b8bb8d748b13776b4048dca8,2019-01-06 07:19:26 UTC
0x74b0dd21eb0dfc140490b29e4c653c35302aa8aa,2018-03-19 12:39:34 UTC
0xd0528f40a34754aed4b9f2946b695c29b94ffc2e,2018-07-17 17:42:34 UTC
0x6874aaac81d809c09749b8aed2a9ddedde5d4ca6,2018-07-17 20:01:32 UTC
0x9f73e04e5bb4fb568bc97aa59bbc2d1dfb3437e7,2018-07-13 11:58:07 UTC
0x42b9c511205bef580ad75825412c444f14bfce02,2018-03-19 12:50:30 UTC
0xea9683dd5a494180b3666dfd34028c96d84ada66,2018-01-27 06:42:00 UTC
0x23ae111d790874bc2b55cbb1c4c27357ee8b8715,2019-01-06 16:46:56 UTC
0x8e789047dc8c21437ce45afcdf0a357f1b2e2b3e,2018-02-10 13:16:08 UTC
0xe571754c43eb9a24bc312bf661f7efd89ace0fbb,2018-01-26 15:39:51 UTC
0x70213a44ee2ca6391948769d1244c0e0a447a370,2018-07-15 18:11:22 UTC
0x6d4ce7ceb1cce7c1c3f8c211d695acaebb045441,2018-01-26 14:40:37 UTC
0x3af51a1e5a6fc16458d5bd2c1163aab79be53445,2018-07-17 16:10:59 UTC
0xce29ef2e2d6a281ebc94310b6590327bf42ad487,2018-07-23 06:46:39 UTC
0x9ae3f31a8b07ab5cf6e1d0b4963fe01eb7c186ed,2018-01-27 09:32:21 UTC
0x05f3ba3a53be572a07cc5d54013810aa6da3cffe,2018-07-22 10:25:10 UTC
0xfeac807b2d88dc5f5fa9068ae3e05a799ada6696,2018-09-02 19:40:49 UTC
0xa557ca9a4327b2d0d2f6c2f60aa5685fe1d5e6bb,2018-07-17 14:10:29 UTC
0x5ddbd852ed465549855bbf05aaa20fd13db75818,2017-07-22 05:30:51 UTC
0x21322357980e4fa8c269276776cd892f1734c240,2018-07-15 17:10:20 UTC
0x1cff5b67eacd8bf110b7be44fc2ba22dad381243,2018-08-28 14:32:12 UTC
0xe8486e31811c10b03c639bb8c80a44f60c0d63e9,2018-07-20 23:54:01 UTC
0x203c94e654a4cd9f484020b1efdbef4c152dfed7,2018-07-17 00:18:17 UTC
0x750078087a8594fb6759275e14f4031d4169752d,2020-06-17 02:40:54 UTC
0x770393e377c2784451366741ea36720821d3df56,2017-11-03 08:58:32 UTC
0xd4515d9a64f5e34d79f8bd52d47ac1f231799b02,2018-01-27 06:55:06 UTC
0xdc7c8f94b381fd3dfc33f11b0b5127263e48c754,2020-05-21 05:59:19 UTC
0xc46a60a70fb8939b73c6583d00472dd67092d017,2019-01-06 11:38:36 UTC
0x58597cae8875100c68f6f24c8c39bfc396719778,2018-01-27 10:49:22 UTC
0x3c76be61dc3a5bf12ea84391d85275d1c9c072ae,2018-01-27 10:56:33 UTC
0xee7541f3e79fe8ca7571dffb15cc9c3cd031ca95,2018-07-17 15:40:40 UTC
0xf2d394b53ae8b2f4bcb2159e850a637faa78fb86,2018-10-21 21:11:07 UTC
0x01deb911028a764c045a56e349163ba784dd0ecb,2018-09-01 11:56:51 UTC
0xbd11ebdb9bd45436735bb871f6f199f134b067f5,2018-01-27 07:05:32 UTC
0xea4387e32e312c1d5141565f59c9f514f3c08ca2,2018-05-11 19:38:41 UTC
0x598617413e475cd8b819e5466a7d80b9d3d6327f,2020-05-20 03:52:05 UTC
0x53395a63739f112efe12a9bed15581e2c0a28d65,2020-06-24 08:01:04 UTC
0x96762e0d3e7e9d0ce2e1db14b19d76a303bd06b2,2018-05-14 09:11:21 UTC
0x140c574ef6578306ff9291f09770b6e0871a30f0,2018-07-25 06:25:43 UTC
0x89ffc129d616a2348e4ba3ed8e8c645331ed76a1,2018-03-25 07:33:08 UTC
0x3230402720e91dca6fe5858e4429a3422a8e5ec3,2018-07-21 15:06:03 UTC
0xff9030934c3e14d6923ca65abbc81b0553c9c9a2,2018-01-27 05:23:27 UTC
0x9af6b08123a8a714c070bd681b1d059ef35d0e3d,2018-01-26 15:31:56 UTC
0x962cec9f448a01663d01e7ef8d236fb2446c15f8,2018-07-18 14:29:00 UTC
0x127234dd84532bc2993933f1a202a4598a37c5b0,2018-07-22 05:23:59 UTC
0xb840f9e29676d3d30b233cd5ae4fcbc692a9ee85,2018-07-17 16:17:09 UTC
0x28915b8d5ca4e77c9c342a0175e80d65e51f9b89,2018-07-17 15:49:28 UTC
0x1f499c6788af55033e0d1d11034a30c955a2e578,2018-07-28 20:52:31 UTC
0x4aee805c1625dac935e42a089d1a62d0ee194a2e,2018-01-27 10:49:22 UTC
0xc06a851e44e60767928aa6152bedfb99e35c9806,2018-01-27 06:58:10 UTC
0xb02848986d468429eafc9e66bb2c302ebd1cb216,2018-07-17 18:12:46 UTC
0xed02ae9cfc2f5452ae806b647b7d498a822061b4,2018-01-27 05:30:03 UTC
0xbefac1f34dedaf671817c5ac230bef2cbba4eb2c,2020-05-19 22:55:15 UTC
0xb06d80cd0957431057add8c45d77f7f5a83a57f1,2020-05-27 14:45:18 UTC
0x797523fe4337c6833c646845e261ff79b42ac124,2018-01-27 10:38:34 UTC
0xe85d02a2997db8702a4bbce09dcde9bb4e4319da,2018-02-10 14:52:24 UTC
0x9bf8f96a2a4d0ba7e68039b2f836f6bba8dd0c3f,2018-01-26 14:58:27 UTC
0xfd4ffa017b9c8555cf93a149b8de05a465fe5edf,2018-03-07 12:34:40 UTC
0xfc16828a5f230ae997cf1359150b2c15d905161c,2018-08-29 11:59:07 UTC
0x2142fba26af8cfffb8598e4185116d76145d8384,2018-07-18 00:54:23 UTC
0x8ddfba753808c8e275ecc0b904ea0b81ec323926,2020-05-27 12:27:24 UTC
0x407b504cabc4bfd894caf56e4e98ed2e6da33110,2018-02-10 12:53:51 UTC
0xbbfcb6caa98dee252db300fc24b71c525fabbb5c,2018-01-26 14:58:27 UTC
0x75cf8ddd03ca71661f7795c0be83e4544677e76b,2018-01-27 10:38:48 UTC
0x85757ee6b73b0142f7776b700e94604a445d566b,2017-07-03 12:05:37 UTC
0x24ebc1b8411feddfd60d9017608354575e0e5080,2020-05-27 06:45:05 UTC
0x0908428723792437d0a9fd158cf4319b6195c8b7,2018-02-25 03:43:01 UTC
0xf90076b6b05524480e6cbf18c44229eccb792c86,2018-07-22 05:06:35 UTC
0xd210d7caa518ab6bee1b23ebdc18400fb767f0fd,2018-01-27 06:56:35 UTC
0xd96c70ae30bc35e638badfe87f1d574036ec42fd,2018-07-19 02:51:08 UTC
0xfd24ce9153f2d420a902e5bd180175cd72d3acba,2018-02-10 10:45:31 UTC
0x0a892a8f0922c67045064e52eae2eb2283783cbe,2018-01-27 11:01:18 UTC
0x641d4a8c0efc71799232bd5ad24d53c105257416,2018-01-27 10:39:24 UTC
0x188eb4cbd428ff8f28c5080bdfbac67356cdbd83,2017-08-19 02:49:21 UTC
0xe67fca77040cf595d33613d0ac84b0675ee38a50,2018-01-27 06:42:00 UTC
0x3bea556e439d45654a20e5c3f6088bedd25952bd,2018-03-19 12:48:32 UTC
0x6a6441df4a921f16424f748ede2e6023d2afded0,2018-07-15 17:46:56 UTC
0x24377fe83ce83d31a7a606227c9efd8ad0aa04df,2018-07-21 10:21:03 UTC
0xa2540b6fedf1d52cf7a04141c27938d45d636f7a,2018-07-17 16:07:53 UTC
0x2ce36a409bd610f30a6ae4b7191d055ac000528b,2018-01-26 16:57:07 UTC
0x6bcaa539ab97db627967c4bcffe83572895f6638,2018-02-08 13:55:50 UTC
0x39cfee0fac320e10246fd350522d9634ba901fba,2018-07-13 11:43:11 UTC
0xc10ada2986e3179c5c3b76780ba3da1c7f54b5ea,2018-02-12 14:29:36 UTC
0xcd882ad4caf15501b0b50b3f02ed9156d57b48f8,2018-01-27 06:56:56 UTC
0x2aada9c36e5e1029363d43e50e129548939ec279,2018-01-27 10:56:33 UTC
0x8dfcb3ae0fd9978504bd4e8a3fea0a9b921eaf3d,2018-01-27 09:33:39 UTC
0xe69061f15c793d990d7f24a7f271e265dc7d003a,2018-01-27 06:42:00 UTC
0x112f55eeb2ab630a75fb7c06254bee9a51666026,2018-01-26 14:39:41 UTC
0xbc33bbca949958ff3381b124d7cea1e2949f8ab1,2018-07-18 09:14:04 UTC
0xe97b1193be7e96e1a9677556d5d19e05fd5267b9,2018-07-26 06:18:57 UTC
0x61251ffa4bad0c54ba7fc2a70bf71381811dca9e,2019-02-13 05:41:29 UTC
0x8c37889d00fbd85833d001cb4c4c30be9846994b,2018-07-24 06:13:55 UTC
0x2bcfdd9a116d94e3c6abd6a5bd712129be92f70a,2020-05-20 10:54:48 UTC
0xf61825e0e4a01e400b912b8eb34e2a5d1aba206e,2018-01-25 10:06:30 UTC
0xecbb6ab36d4c0b06481fa8c9cfbb4ebaa3a6bbde,2018-01-27 05:30:03 UTC
0x31f63ab7c969bf28137765b17f000f1fd4579eeb,2018-01-27 10:56:33 UTC
0xfedad9226199b3486a2bf08188685508ea1679a8,2018-01-26 16:22:44 UTC
0xb5d4f7ec0bb6fd6008eff58e6b62ed73cec3c327,2018-07-24 05:22:31 UTC
0x16b4710365e77e1567885c32aaf8e6c2ec172bcc,2020-06-27 08:34:44 UTC
0x9d09ad1522f2b3a5249dbe4268e6748255f01860,2018-02-10 07:54:09 UTC
0x2dc1db5f67a81213108947678d3fb05fa049034a,2018-04-13 12:52:13 UTC
0x4fe55004bb33316b62c0d8ec29a038d3837b5152,2018-01-26 15:04:49 UTC
0x188d32d4d028fe2e05afe3b11225cfd885abd965,2017-10-27 04:22:10 UTC
0x546c671ea65f1c4a37674c647e7fe4e0f81134a0,2018-01-27 10:49:22 UTC
0x02885095b1a97552a16ce52391dc6b99d39fa80c,2020-05-20 09:52:23 UTC
0x4c948c53d3df4eaca2a552e36d97fa33cf0b9032,2018-01-27 10:49:22 UTC
0xffa637c3c9f4f316b87460cea717bcb423522a26,2018-10-18 15:13:53 UTC
0xe7981435bb50f88ab7a08b499b55d741f77602cf,2018-01-27 06:42:00 UTC
0xea45fdd940aa66ae1f95f353d79c000e661aaa4d,2018-03-02 03:01:31 UTC
0x87b3612880313e46ffbef4005a311c77cfd167ca,2018-02-10 07:52:15 UTC
0x0ec226189747a79c0a6dfd8a6da2f6b318ebf174,2018-01-26 14:28:46 UTC
0x85c9f29a9af2e2d411be3bd972e797a50e034d5d,2018-01-27 10:35:22 UTC
0xca3c2674d8e2533f3c37e3403a75bfbaa89e6995,2018-02-01 04:57:27 UTC
0x6f3bef7505e49bd86e3207e1db582e72b15a9f7f,2018-07-19 11:41:02 UTC
0xd6e15f53fcb508448b6c1077f843ad6a94e3fc7d,2018-08-29 12:00:28 UTC
0xdd22d108a7d270da13aa1565faef5104128fe78e,2018-07-24 06:36:33 UTC
0xbdd4dfa23617abb9a5ee1c8da44f84b94fac3ad1,2020-04-08 13:44:58 UTC
0x2b9ef372dbbabfa79b93094350db341b7a5abb84,2018-01-27 10:56:33 UTC
0xbb7fb1cb43e8ffa2d161c06153e32b5ca6deb2f1,2018-02-10 08:24:51 UTC
0xa8b7e2f97232b8543a622f176a3a537becdcb6a9,2018-09-02 23:41:11 UTC
0x8ebcfb24452fd4e91842b5140d0c606313c53835,2018-01-27 09:33:39 UTC
0x548ef40d1a0bd3fcfcd0ccefba064240cc4d3ed3,2018-12-13 11:05:14 UTC
0x7d71d65ace2cbc3d40932a0b6f88a2cbf5455df8,2018-07-20 19:22:32 UTC
0xea40be2822f3eb1c0ad5d98c03739fe01ac3bd9e,2018-02-10 17:57:46 UTC
0x8bca9710eb8c95a304b7ff640577e834dd8f0a5f,2018-01-27 10:35:22 UTC
0x8698327a7e55446f7558f03faaff08ab6bb45a76,2018-07-20 06:13:31 UTC
0x4c9ab40573a2eeb1ee61b66209a0dab7d785b181,2019-01-04 17:24:13 UTC
0x7b081d1fac07500609a1fab9165f4838a233d31a,2017-11-12 16:00:35 UTC
0x73ec3e71fa963c36be30c0ec1b84d63cdbc8f9f4,2018-01-27 10:38:48 UTC
0x8953cc359c8d78994cc2b2d1447f44ea2c781e42,2018-10-10 10:43:00 UTC
0x9774f662b34e3af653596db9e7c5ec516d2054f5,2018-02-10 08:23:32 UTC
0x4d14674429a6936ebe29d53aa8bedfa1a47a106c,2018-01-27 10:49:22 UTC
0x3399dcc260329a7c3146f98e3ab809168096c422,2018-01-27 10:56:33 UTC
0xdcba14a42e0217f1ef1a5405807ab04e8c8473e4,2018-08-30 09:30:57 UTC
0x64c111695fe798e27290e84ee6101587aae6792a,2020-03-30 04:02:52 UTC
0x2828ad227bdde271e538da4857108542acf150ad,2018-07-22 05:24:37 UTC
0x6cb13e60044c7eb6b023ecad80c1bdb00924b1da,2018-07-22 08:21:13 UTC
0x4bdd83db1ebf11a4d342bd5ac6e5e4d4d589981f,2018-07-14 18:50:32 UTC
0x605e23b31fef49614f42119a385b5c6a25cbd197,2018-08-25 19:59:49 UTC
0xfb32320067a11beeadb8d85a2219225e0bd7d732,2018-02-10 13:47:28 UTC
0xb19ab43844e6e2474496ac87b951c572ee2abe7f,2018-01-27 05:12:21 UTC
0x58af06498c7049b29f478a0accc25de5e3c6a023,2018-07-20 19:04:39 UTC
0x408cc29d4d206a79d1116b050a90c5be72038f7d,2018-04-01 22:21:32 UTC
0xfd4cf0401dda056c80b75d6853282977449b353b,2018-01-25 10:00:34 UTC
0x489c1f8a73e8e3adbe6178c544155782d849cf5c,2018-03-19 12:47:28 UTC
0xe4415cffb674415438c13b12fb1bceac0afd233c,2019-01-10 21:03:28 UTC
0xef95108e7ba7452f642f936a00fa4eab5a8546dd,2020-05-23 13:59:00 UTC
0x083b6a76e80eae173c8e1f43a012de11f4e8dbb0,2018-02-10 08:04:09 UTC
0xe742bce4d5810c045d7314b2805551e218405607,2020-05-20 14:31:47 UTC
0xc6d083edab62b5893d54d0b9ed8d008de68e28a8,2020-07-06 16:04:25 UTC
0xc7601c6dca42824e95873856cee0e07a9054c895,2018-07-17 15:45:06 UTC
0xb6d7152897e80ada2a7cc1916f3a2247fb4ad3a3,2018-01-26 15:55:19 UTC
0xbebd3e0ba65c57a7c61c5f7df918ebb7c187d91e,2018-01-27 07:05:32 UTC
0x5808b87f84fbe3837b38f2070dadf8798f571640,2018-01-27 10:49:22 UTC
0xa5f17005b60256e659a9abbd5da66aa1375d6d54,2018-02-10 14:06:13 UTC
0x06d988c7f24ae4f56f1b38aa7c588779826881e8,2020-05-19 11:02:23 UTC
0x1f14feae0abb554f57e64b228d557a229a550f06,2020-05-20 04:18:05 UTC
0x7653c60f959e9e3c23383304f7e39b12b61968ab,2018-01-27 10:38:34 UTC
0xf80411123575573f1e0bb6b2ada9c879813f63cc,2018-01-27 05:25:41 UTC
0xb140d71b9471dada5e7f7a97fd602a97cb01d34c,2020-06-18 07:42:57 UTC
0x25c978c0645907104af40d97059ffd505c5823a5,2018-01-27 10:58:49 UTC
0x2849b0677cb29dfd79de649978c733f5574fd3ca,2019-03-07 03:50:37 UTC
0x91e796ac4478e9a9a171a6a8d9336935a8a83415,2020-03-26 02:45:22 UTC
0x371a3f91fc41bbb73d6ad506b64413549536cb87,2020-05-24 08:17:35 UTC
0x68fc7171e005e9af10dd70c59071b00c4a599e01,2018-01-27 10:39:02 UTC
0x75747d11d597a802493846139718f8c89e3907bb,2018-01-27 10:38:48 UTC
0x4e630928beaa59005eb8b62268f9b1a1ea874efd,2018-01-27 10:49:22 UTC
0x79314a5d0909a5c955f48ae5c2da6723996573c1,2018-03-19 12:53:10 UTC
0x70fb87821645eb915e8e231a9ea8bf046ab88072,2017-07-22 18:10:08 UTC
0x1446a83ab2b3fef8e837e744eed6a98e6d4be650,2018-02-17 00:16:58 UTC
0xa4db65cc3a3a97171203ab4eba4253f3ea7a913b,2018-01-26 14:39:06 UTC
0x05ffbb13d936c0a0bbf0672086c2bbba216bbc07,2018-01-27 11:01:18 UTC
0x8df7f8e25040f7309dd6955e9e046733f31ce0ad,2020-05-23 03:59:30 UTC
0x5d0d3798b8dba31fc35d37e5aee7747d52cbd5e2,2018-01-07 12:12:22 UTC
0x096a1a3a626225a4636a1131cba0e612fed714fc,2018-01-27 11:01:18 UTC
0x0c351ea6047cf725616322593195ebe71e41f80f,2020-05-30 06:13:39 UTC
0xe34044d1b7e63b585213da16a5dc070855719a3e,2018-02-06 21:13:01 UTC
0xd18e0b628b120f6b5acd8d78e212fcc9e475a166,2018-02-04 05:36:41 UTC
0xe7079f85a2c096fd9c1de49c345bc224fcbc3497,2018-03-07 12:50:52 UTC
0x4a0044b16adcea16a48f91550ec06c8d22c77d8c,2020-05-10 10:17:19 UTC
0x3036ed2bbd467f11ba12486a9fc47507c9a5243b,2018-04-01 22:55:28 UTC
0xf36990a2cb4d609e0a7d4f3bf884c0342d81fd3d,2017-11-10 04:47:56 UTC
0x9b2b2426dfb8206933fe2c5bc0878fc21f648cd5,2018-07-18 08:50:58 UTC
0xfc4005fa9e228c813f80db401945360a93dddad2,2018-01-26 15:04:38 UTC
0x16b549bbfc08d165ffa6426f11179c29e44dc6a5,2018-01-27 10:59:02 UTC
0xef8c95f65457073ae82c85aa20088035561a2fc4,2018-07-23 16:32:13 UTC
0xb1ddc96e68898156b92642746b3279702dfb1732,2020-03-29 04:13:15 UTC
0x8149675d1f0111992ad53470ba21c5da61042857,2020-06-17 10:50:19 UTC
0xb8a6cdf736dbcef69b45572376a5c305ee5981bf,2018-01-27 07:05:32 UTC
0x34b62809df67ca50355e34c62035f0f349e001c7,2018-02-23 05:25:33 UTC
0xe1064ce3d595c42dde19bd7c5909b8b7af473afa,2018-01-27 06:45:48 UTC
0xbdf389af60718a2253910a0cd9811719edf86876,2018-01-27 07:05:32 UTC
0x44802cb468943c3d90433a2d0ac36cc0722f0079,2018-01-27 05:15:39 UTC
0x97396158a2433e2008c80e76aec93e2d0583c88e,2018-03-08 05:38:16 UTC
0x38fcf9a0eebed40c7cb96c72f65051658c561e2f,2018-08-29 12:03:17 UTC
0xbd8b27066db6c4808bbf7710e8f89c06bd7693c4,2020-10-19 12:27:49 UTC
0x4189ae0ecd28984d0e0bc7d78c2e4cf4e6f0b7e4,2020-05-24 04:42:20 UTC
0x0924449e7716b8f28554202bcb8330de464eb41e,2020-06-20 03:00:30 UTC
0x96e4328ed820360a3cb2c8bc86907dbb41a28b3c,2018-01-27 09:33:36 UTC
0xc5f57f713a75fa0270c58d851aa84c01af3a5880,2018-08-29 11:58:29 UTC
0xf8589be9bd3b9f94bfc3996adc46387c04a47b89,2020-03-26 02:45:22 UTC
0xa27a053f940f01aa939e75d6b7fabc3316fbe338,2018-02-10 11:52:03 UTC
0x30afdec0d5c3fcfa19bba104bca3a6b79a127481,2018-01-26 14:50:33 UTC
0xf26c4fedecfa83292df33bc6c7b6f976edf935a0,2018-01-26 16:14:54 UTC
0xbffbd5c23062538771f4e1c7abda4a36692537da,2018-01-26 16:57:12 UTC
0xa0ddabc42177926854c304b83b6dacd732f0770d,2018-01-27 09:32:21 UTC
0x68bd9c86f3eb4b3e139451d73b031bbbc291cd29,2018-03-19 12:57:43 UTC
0x8ef152ad7868954682455c4110a4b9fd0eb435cb,2018-01-26 15:55:19 UTC
0xe402dfcf5c8a80561f8f3ac4506f11c7d4aacfb5,2018-07-24 03:39:00 UTC
0xca429826fef7c8d03f3e34da552969410cc9a924,2018-01-27 06:58:00 UTC
0x517c744ebad81d4e8b67265105f8dafd830a1589,2018-01-27 10:49:22 UTC
0x9a3a8f35d1babfe275aa2d7b5d0c60e0b79b7642,2020-05-17 13:20:40 UTC
0x4ee1e053a6bb4560c18bbad80e7ec33b724fc821,2018-03-07 11:49:22 UTC
0x3b4d42bcff1f730c5346871443e16792a0b023da,2018-01-27 10:56:33 UTC
0x3220dc0cb5aacbaf29c08e0fabd2e38ac9b71e29,2018-01-26 14:45:03 UTC
0xa0a381eb49412878cd263d7193c726bf3fe891c2,2018-07-21 20:00:47 UTC
0xd945657b2b58b55d6d459a7512f7d2a5953eb518,2018-07-14 06:29:16 UTC
0x0773dd752384d3d8714ceb1c28a199591c63cddc,2017-11-10 04:52:05 UTC
0xd6fe5c369f85338af917f7809b8a2dc992b44a57,2018-04-01 22:56:24 UTC
0xa87d36ae3420acffcc240d3deea457476fff3e82,2018-02-25 04:03:10 UTC
0x461e933084f2487f30f6e10f085d253ccbc49875,2018-01-27 10:56:33 UTC
0x28a82b0abcce3689766ddd451a705f0cf62e2d1a,2018-03-19 12:48:32 UTC
0xcae714ffd8ac3c2333f8e387ef08af48af2cfc5f,2020-05-17 13:18:25 UTC
0x61aca73e58d3dde83f59510595385c777bd4c9fe,2018-01-27 10:47:19 UTC
0xd261bca517daaadaf755021543b69b87e033ce12,2018-01-26 15:39:48 UTC
0x987121ab47eb6a5055439900583af6b8355dbf20,2018-01-11 11:33:39 UTC
0x7294e05727c5b72b24bed9d01ffce166cec7e03a,2018-07-22 18:19:12 UTC
0x4ef101828052e3b1340145926be230bda53e112b,2018-02-10 20:25:01 UTC
0x87dfb7060987caae78d5c5a6a01312b4a3453919,2018-08-29 06:07:35 UTC
0xac3cc78a61df15ed56a44400647d50be30d51d4e,2018-07-17 16:03:05 UTC
0xbff62adbc6acc75ad3eaa9ddf446bb59c79548f0,2018-02-10 12:12:12 UTC
0xd2113e5b7e3acf023c09856fd720568c3901c1d2,2018-01-27 06:56:17 UTC
0x8e65d5beb7e1a34d73caa44cc4632be7c9d2619a,2018-07-17 14:46:39 UTC
0x42948f4fd77e44da24445f33b9f1e6ee1e23d70b,2018-07-20 14:55:31 UTC
0xa0143adcb359865f0fbf4dc09a0b81e4e9e6c0e7,2018-01-27 09:32:21 UTC
0xefc2adf41403f3346742b6e3cd2ae1f264ff3efe,2019-01-06 01:44:40 UTC
0x9fa3b4283a4c149d431b8ac60f20befaea472e6b,2019-09-27 07:42:23 UTC
0x4dece6fc450c514356aa83b5aebf07461ba61321,2018-07-20 19:06:56 UTC
0xbda97c779efc89e18306ce5ad9cd4018633d1727,2018-03-07 13:02:18 UTC
0x4441df7dc554c4055c134126b471ff2d4e6c0271,2018-01-30 01:43:51 UTC
0xb99c5a82e9a628723b2d55e752db0960d45f1119,2018-07-17 16:23:25 UTC
0x1b512d50d85cd40102a89fd881999ebf167c26a0,2018-01-26 15:14:17 UTC
0xe01c140467f5b444bedb013bce20466bc6279b45,2018-02-10 12:12:31 UTC
0xbf6d3bd49372d6deb9eaa547823f222078850472,2018-02-10 07:12:27 UTC
0x598adfefd257071d5b0e8ab4548f2c8cd42013ee,2018-07-23 05:01:35 UTC
0x13512137d004d3e8d919ced5f5f7119934917c11,2018-02-18 03:15:14 UTC
0x5295cfc8d747038dc808349351bb542bbc691d00,2020-08-18 05:43:10 UTC
0xf60fcaa15a454f58d79e27cb58bd14dbdb2b8f75,2018-01-26 16:10:29 UTC
0xfeab4e13d8abb9b25867b5ce7042a214143500b6,2018-07-17 10:36:52 UTC
0xafd41cdc83a5021a8d43fe6b759d44277bcd6d64,2019-01-06 20:04:44 UTC
0x5e3f13d610734a286e1356f5a664601151058640,2020-05-19 10:48:46 UTC
0xd4282c53c40ba98e4aaa9401689ad6c8b5ce1a2c,2020-12-07 15:20:39 UTC
0x832e4c7d466fab8bdc736d2d2f0880063716a786,2017-07-15 05:31:43 UTC
0xac364068cb59af606c3ee30f675ccfd04f081e2f,2018-01-16 08:56:11 UTC
0x49272af4600150320c11bd240ac2385185e57fe4,2018-07-15 03:51:39 UTC
0xcebf39be3edc783ee64afc668060258e5e339140,2020-07-10 08:43:19 UTC
0x0b5c31b254b80ab4d2fdfebe832480fb9222888b,2018-07-20 20:08:40 UTC
0x0f85dea898487d9100cee60d4544ab14e5ebe30a,2018-07-17 18:10:07 UTC
0x9b14e09836060d710debe5021141d8c1538eb69f,2017-12-31 00:43:10 UTC
0x0004f73982dd7a85cb6c8d5d9cc9a51606514949,2018-07-26 04:28:17 UTC
0x54d52dcc6894374468c1afd5778a3348beae1773,2020-06-17 11:10:25 UTC
0x9d0d474969b3c945ff084134973972afaf0f46f5,2018-02-10 15:57:01 UTC
0x713a17ac0d44fb464710b6b336efb4332308eecf,2018-07-15 17:12:40 UTC
0xe383814dc22845f2ea1d16b460474c504d3c590f,2020-06-16 04:38:09 UTC
0xb3c369aa0e0a926e9cfa40c85db39e4658be8eaa,2018-01-26 14:38:50 UTC
0x6f17b81bc45b79e452d1a17ac86ad399dfb329f3,2018-01-26 16:22:44 UTC
0x7590af3fd2e1c747a90ca61f72604b4231fe6364,2018-01-27 10:38:48 UTC
0xba4c3b990b39a982fabbed323de91e983058a6ee,2018-01-27 07:05:32 UTC
0xf3609067c6c567ed6756da0525568dcf6db492fd,2018-07-17 13:53:27 UTC
0x30940d377bc5ea49df8ff2a1de9e4dbfc232c356,2018-07-17 12:39:52 UTC
0xff414444d62c0427d8a682a9c5c28bffab403f5e,2017-12-27 01:57:44 UTC
0xbfaaf20f06794f9c90eb21ba3305c8290810873f,2018-02-10 07:43:50 UTC
0xe8f06d0c814ad106711ee2caf8f3345edcca84ef,2018-02-10 09:40:14 UTC
0x521a8574db45524510dd0dad90a4f6fa989d4ad7,2018-01-27 10:49:22 UTC
0x2de812e03008e8042dd112eddf5e41fecddc6c05,2018-07-20 13:31:41 UTC
0x44b245efe73b05e48e396102c232a3a32a9581b8,2018-07-14 21:32:15 UTC
0x674c7eedac7357460d761ea5790e785dfaba8d31,2018-07-18 17:21:44 UTC
0xa8433810e93ad696b0e4f6136cc1e8c5de9cb080,2018-01-27 07:09:52 UTC
0xc2052f5d75702cae2fcfd037a5731b5392059121,2018-07-13 18:07:07 UTC
0x0e290aca08269327338ada32525de17becc1d48d,2018-08-20 10:10:48 UTC
0xc1cdffccb6c301895575ed9dcc23f382bc72b5e8,2018-03-25 15:17:55 UTC
0xfdd7d25808bb2883feb01c241631a5242a8e4a36,2018-01-27 05:24:02 UTC
0x3360d811776e2c8531d1f052697c5304a569b50b,2019-01-07 10:48:59 UTC
0x41d496d95ba5ac3906c74d031f57ab4a9cda23f1,2017-10-27 16:18:16 UTC
0x99dab13e9d232f82b7ff9ce7c2e7137225a8fb5b,2020-05-17 13:20:40 UTC
0x67ada8f415255e65e49e142534df3348039ae311,2018-07-15 18:12:43 UTC
0x104ac640576a735a6eb613255ed28dc330800f05,2020-05-29 07:03:57 UTC
0xec752c57711bd7c652dafb1a430e310a5010c29a,2019-01-04 17:31:40 UTC
0x13f96ed1b33e1a12492a61c1c1f640f9c731a68c,2018-08-01 11:12:31 UTC
0x465a1e4aeb97cf4e2b92d3c88fc9f76802dc456f,2020-03-26 02:42:19 UTC
0x0eb1233abd9560836fe402e7601a9ae971b4ab75,2020-06-24 04:48:05 UTC
0x4acf28bd91941bfd4724aadbb26b81fc4cd129d5,2018-08-28 14:41:18 UTC
0xc2328bfa0d8036e66c9c292cb096af378085a9f5,2019-01-06 08:48:04 UTC
0x8e4045008c911136236309466df779b4ff30d531,2020-08-01 01:26:00 UTC
0x961664859b801d30a95cf3008cd339e000ed897c,2018-03-22 18:52:36 UTC
0x6d031f40ff407b3c2973bad3a25ab6d4ac5e6e20,2018-01-27 10:39:02 UTC
0x7603a7d98e745c54c91b9b1d24b6dceb5991048d,2018-08-31 03:36:30 UTC
0x0ce424a0d04061119a64ebb1e6dabcfd63275cb2,2017-12-30 22:07:05 UTC
0x2d0cf4aa778175d30fc470b82f43b28d6fe6c364,2020-05-05 03:53:20 UTC
0xcf0582253ae51ab4fc7e392d0961d0a93625b232,2018-02-08 13:35:01 UTC
0x484d830f594472c1bb2d62e2d0b3c2583171aed0,2020-05-21 04:11:25 UTC
0xc4efa09d55d136206bb85e854b47ae688054b783,2018-01-27 06:58:10 UTC
0x224aba1939c9722da95ce9285557e4793ae77210,2018-02-10 13:23:44 UTC
0x097fee1daadf2ca07c0be455af9b6b20fed8452d,2018-01-27 11:01:18 UTC
0x1d7e23a8599df80853f01ab8020b1d979974f21a,2019-01-06 15:56:52 UTC
0xcd9b624a85481d9641169fde4730da34270b9d85,2020-08-21 16:16:51 UTC
0xe93053c6f9a1535f5d71489e50374dd778d0cfb1,2018-01-27 06:42:00 UTC
0x26b4689327e9537ec4690869aea1eb6898829d9b,2018-03-19 12:44:06 UTC
0xb72b365de80c5bf3f858e926c79f69a4ba761dad,2020-06-16 09:58:52 UTC
0x966774888e61da64bb223f4372dbfd659815d469,2020-05-21 12:35:05 UTC
0x205ea3a02eebf43dffd3e78599fb6589c7e6e828,2018-02-10 13:16:08 UTC
0x7ab169f9727b5ca49ba8e2732f48b03e5308c05d,2018-08-28 14:32:16 UTC
0x35390da8afdd905be9c312e5619a699c13b0e78d,2020-04-09 11:08:48 UTC
0xfe7ffbb0fbda2de86d3cdc812d2c1e5f004fd77d,2018-02-17 08:53:24 UTC
0x59b38f0d6cc088c13b2675884cc0b0d463a72a92,2018-01-26 14:51:44 UTC
0x0983773fdd19aadecb5a0560bb9a0371e7f803e0,2018-01-26 16:22:44 UTC
0xde7bf723c51e84336b6705d9f819cc7e6c75ac31,2018-01-20 23:13:26 UTC
0x6b93617dca11bd63a0b635723e214e2572fae03c,2018-07-17 02:25:47 UTC
0x39e4da02e0c5312b0b59e18b0b6fe04e65eb1094,2018-01-26 14:58:50 UTC
0xb6315ac46fb641b2f991557c84ea6c3c77904851,2018-01-27 07:08:27 UTC
0x77a0641db88e6fefad7c0d71bfb9daa9010e4f24,2018-01-27 10:38:34 UTC
0x1cc4f9c3d840879055b3695e0983e0b512646c9a,2018-01-26 15:09:40 UTC
0xa89c5234368ba70a217c16010dbddcaa9abf4654,2018-01-08 10:22:49 UTC
0x8dfe67d756f4be5f8fc955c3cec103b82d6564a0,2020-03-26 02:40:07 UTC
0xf78703b567d2befa3bf3c6abefa5c8001e68ab94,2018-07-15 17:12:40 UTC
0xb597eeccba825715fd20c0832a7bac7f9e5f21e4,2018-01-27 07:09:52 UTC
0x98ad2124d227393027838e835b0cbb3dd3c7bf52,2018-01-26 14:21:39 UTC
0xbfbaac1b12d95c17bf789b04b8f2b4d04fd487c6,2018-09-02 04:57:13 UTC
0x322f9bb97d9e993ade2cef716fa66475f5cfbee2,2018-01-27 10:56:33 UTC
0x07c87db5de34ff0308b80733a185b76dc1346ff9,2018-02-10 14:46:26 UTC
0x54213bae3fedc2033e8b161221cd2963d8826e6c,2018-01-27 10:49:22 UTC
0xfb69f5c11ca5d1650c5f5db29861e9da24107556,2019-02-05 10:04:50 UTC
0x7a2ca62b1d4eb076146c8b0e45a4a0a145a23daf,2018-01-27 10:35:22 UTC
0xef1eebaed723678c2944ad3ab6b39e90a123ad63,2018-07-16 18:54:14 UTC
0x18718c8ae80e2796c9e0a0a9fb873f340eeee102,2018-03-08 10:24:31 UTC
0x317d5889bc58861d57f8103e542004e5a04146f3,2018-07-16 09:29:36 UTC
0xe249c3ee4d9de75d671989fbb12c730ec0db07fa,2018-03-19 12:41:49 UTC
0x222d7f0b96b756428d86af37385ca8096f3aa07b,2018-01-26 16:22:44 UTC
0x2925850551be73c19e0fe97f24fac15ef9ef5d26,2017-07-26 13:18:19 UTC
0x989ff58f27879068b7ff7017e053da35ebfae035,2018-07-20 04:55:54 UTC
0x1b3abab80f5aa5844a679b6450ce074f1c6ab02c,2020-05-20 04:02:43 UTC
0x32adbb281fe7d87380f497556fe4026ea91d9738,2018-03-08 05:56:11 UTC
0xbd60950ce8e974def26156a1aebb7c5b68c7d5da,2018-03-07 12:43:31 UTC
0x7ae547ad974f6cae2f39cfc6289a83ae1c691264,2020-03-30 03:55:47 UTC
0xa4b5c8e68902a24787adb25ad12bd4aeac222763,2018-01-22 08:07:32 UTC
0x0eb4c273463d6b62f741b3c85d1515a53bcf8759,2018-07-19 14:11:03 UTC
0x96498d379a7565297a556a3062c5d4850656ff47,2018-07-19 16:16:24 UTC
0x599eb2fdd4dc6129dd63bcf01746160655debe37,2018-07-17 15:15:39 UTC
0xc384f55e66840a4d54153ba599c91f148d933a24,2018-07-17 16:06:06 UTC
0xc55df5d9a0f3a0201f2de5881539c41c094480af,2018-01-26 16:28:09 UTC
0x09d8758a3f110772b2488cbcc3d5f6b2d78b7ab5,2018-07-25 13:00:45 UTC
0x45b35ff9630665c145de7226cfa95c4a7f8a010e,2018-08-28 14:33:24 UTC
0x5e44eb72cf199244bca4815c32eb92a448b54548,2018-07-27 21:37:53 UTC
0x3ff1fd08ec68e24edcbe31d9a58351439fbdf19d,2020-07-03 12:29:33 UTC
0x0719e1ddc06fd485ca4b3cdb765e5a9c6ed67994,2018-03-07 12:11:26 UTC
0x72a40861b27558c8cbbb4203db46922e77a1866c,2018-02-10 13:53:30 UTC
0xed77f8431dd77f9927a9581e3dba0e91ae0466d3,2018-07-23 04:36:41 UTC
0xbda4b3af1c7e15ba2660a38df67b12ca150af3a7,2019-07-31 14:18:54 UTC
0x81f89694ac96fefd794cb2c8526d2bd8da74b1fb,2018-08-11 09:08:52 UTC
0x128e13f2412459c1972347a7b8ef4f8a4b7dce5e,2020-05-25 04:07:45 UTC
0x7eae02541a1877c601e0c8d31c9a28cc354fa10a,2018-01-27 10:30:57 UTC
0x8f46032a4122643242d2df57f6dcd36827fbd4a8,2018-04-09 15:52:45 UTC
0x60a5861963fb7d7c1a7b79320fbd9d0b00337ca0,2018-01-27 10:47:19 UTC
0xc9be6008d2dd09e2a1514277b81c69dec7dfa3d7,2018-05-04 06:49:54 UTC
0x55150ac8f9edbb661d16418df43b5205993ab4b7,2018-01-26 14:45:03 UTC
0x387f3ab6d8f306b703d8fa9979645f455ccfcd46,2018-07-19 14:22:44 UTC
0x3304f2caad4a6b309aa74bb50a87b96cb8c11430,2020-05-21 04:01:29 UTC
0xbdacb9c68124ab5f27d3b1795dca52a746d0d757,2017-10-27 06:40:57 UTC
0x3173600fffc746c894faa7b63ff011cb060e1f30,2018-03-19 12:50:30 UTC
0xf46d1dab4fd5d9a5fa7b1c5706f8b5197a2d7c25,2018-02-10 14:51:50 UTC
0xc84d2ab4c34b1b1e68af06e2f284d0b73a90f786,2019-01-05 09:12:18 UTC
0x06e286a9934b84f8978fb07e85e4f2fd6d94eec1,2018-08-28 19:50:32 UTC
0xcaa593c06f29e2cd56373761b75fe77e56c9e069,2018-07-25 01:37:11 UTC
0x0f08da9b24c9e6d6346416f517793f8a4f600976,2018-01-26 14:27:34 UTC
0x4857a90067bafcc3be581d12b5157f73029fbff6,2018-07-15 17:12:31 UTC
0xad70b6e86bc0094106a42e86ada6e8b93bbcd275,2018-07-25 13:51:04 UTC
0x01048cb974c7db7ae155e06a72a7fd1a7c350c88,2020-03-26 02:41:35 UTC
0xdc4e9dc8f9a85abbc75b702ec777b5c6d7962c34,2018-01-26 15:09:40 UTC
0x20699c14c8b67a4dce642dce0efe1f6c2b2577ac,2018-01-27 10:58:49 UTC
0x88aee3c97a54849ab3da11e8603c8de7a27cfabd,2018-07-28 20:51:44 UTC
0x32a6c795edfd32208c3b8fc8c98e87d9b154d5f0,2018-07-16 13:22:56 UTC
0xb4a02180608c503f95c17529096e5d19195db4e8,2018-01-26 16:00:23 UTC
0x8ddde5b5b13228348eddf3fda71da7300a1e9e51,2018-02-10 13:04:09 UTC
0xbd1578287fba348a79fe287c1bb6b3305c8c6077,2018-01-27 07:05:32 UTC
0xc4793b07bb2c621736f1b54fd54d81e4594fc075,2018-02-10 13:16:08 UTC
0xa9c8b8368a109f05ad93632b07c30208bbf53121,2018-07-22 06:08:50 UTC
0x144dc826d0e52b323243ebb3fb83b5cf13fe3817,2018-05-10 06:36:18 UTC
0xd14d31266bfc61bcb33576e6c398de907868995c,2018-05-21 14:05:54 UTC
0xa6345ea633f1af20880ad0140abc9e38a650f9af,2018-12-15 12:13:47 UTC
0xda3801a8b1db7d1b96b27ed974bc0b2fe38a43c4,2018-08-28 14:44:18 UTC
0x061a4b1f95d468ed431e18389a5cd5b14467609c,2018-07-24 12:05:46 UTC
0xb29802fceefc4243ab456df1e83047b3bde7a094,2018-02-10 09:42:28 UTC
0xc6ae33bf976e34723a8088e783baa5df4ff5fda7,2018-07-24 12:21:10 UTC
0xf78e6f07e4bf30bea1caab3df7ff1d57f4ed7a23,2018-08-28 17:06:52 UTC
0x37d648a7cd8d280278356c5ba95a8e5eeeb90999,2018-07-17 15:55:06 UTC
0xddcee0509c42d7afed47d39fd55e936025d7466d,2018-01-26 15:31:56 UTC
0x5ccffacd08fa343ce649bc4be1c6ed6dfabc5b9d,2019-04-23 17:38:01 UTC
0xcfccfd7d94de350d2c26a775aef12bc03afc124b,2018-02-10 14:18:58 UTC
0xc1978cce463ea2ed922f62f3760653aa65fd056d,2018-07-24 03:50:24 UTC
0x2a3c11f14e51f5ae1e30f26294b46f8c8d72b0f9,2018-01-27 10:56:33 UTC
0xcc935db231334e2c27737261d876a1be97aea579,2018-03-08 07:37:27 UTC
0x07b9ef20a686d984eb0c8d1e1190dcf71717dc1e,2018-02-10 14:18:58 UTC
0x9cc86b7a44f7338feaef84880c1e1a288e6f4993,2019-05-27 10:21:08 UTC
0x7c5edc4d2524386dd36fd7330770e1ab0b8d693c,2018-02-10 07:12:27 UTC
0xfae3182e157ecdb9e30237169ffe659cdd69d447,2018-01-27 05:24:18 UTC
0xec34273c24ecfafaae9089e354be5c79fb894e8b,2018-01-27 06:41:56 UTC
0xd11ee81a8ad42b17e9600083a2f319ffc55f6aa4,2020-05-19 10:38:23 UTC
0x508e4a96dab9bd044d0bb654d623c4ef663dfc35,2017-11-02 03:16:06 UTC
0x07db92f4d65292a8bd268b789e03f68866908f2c,2020-05-20 03:33:18 UTC
0x9770e9178cf38dd2644acde435d6ef4d05f2d1a9,2018-01-27 09:33:32 UTC
0xf22f8bdb5ed4c3a1938b28e251e94c97f506acd0,2018-01-27 05:29:08 UTC
0xf757b0d5e2ca3a38b0172613f5b7b0a4d9c0239e,2018-07-16 05:59:36 UTC
0x80a899ce4b261797328f2d3433cfe2911c94a1fc,2018-08-28 14:30:48 UTC
0xe177582df2671371b1dd7d8c6a4f0f23501d3ab6,2020-05-19 10:28:00 UTC
0xeea1f232cb70e0e6e6ef6541999fefaece87ac7d,2020-06-17 09:31:45 UTC
0x06b58e74cb8b9ed0a38c4afa46389b338be9c321,2017-11-08 04:01:22 UTC
0x7bb0147cd5f71577d125406144b5155e1f4cd5e0,2018-07-23 18:43:09 UTC
0x4a080c2bf544668dc491d63d2328962b90977949,2018-07-14 01:54:55 UTC
0x5aac7188e3b08932e655a4a48f4ae8cd1acc49e3,2018-01-27 10:49:22 UTC
0x3f5606f2cabade028cb7a4392d16b418487fe24e,2018-07-25 08:18:37 UTC
0x68fe861b13361043aa2cd8e1040a5b71d718c368,2018-01-26 16:00:10 UTC
0xc9038c62bb2820c307f783f19f99f28460552634,2020-05-19 23:24:32 UTC
0x118d9bc136259b3627bb86b47e6d1611aa38e30b,2020-05-15 10:22:14 UTC
0x704991372716db6366ff6038ba1d70b4a227c350,2018-02-10 14:44:43 UTC
0x9a0a48d07e6c43463d9f8735061128cc081bbbb9,2018-02-10 11:10:35 UTC
0xf8b1ce3a121d2f1206d7f3d2b7e6b515e4e1978e,2018-10-27 13:06:42 UTC
0xdbe7d8ece460cdb22bce993eda3c21dedae03a80,2020-06-11 14:04:37 UTC
0xaae681bc98dc27a75455bf2615f6416e6f3d8a49,2018-01-27 07:09:52 UTC
0x38c8d37a8d3c22afa8c81117abc594cd1bd3a72f,2019-01-04 19:38:13 UTC
0x82092f64ed5d81ab0c188046171bdbffa35af9c9,2020-07-31 22:11:41 UTC
0xf2d2d548ec0a44bfc4a34a19b9e3463b8f8e85f2,2018-02-10 17:23:52 UTC
0x8a3a64ba369697a84ce95cfaa2040c9367d8f35a,2017-11-04 15:28:49 UTC
0x9e50e377402f94dfcf824de50751b7df35871a0e,2018-01-27 09:32:21 UTC
0xcb6a036c0ee6efeb0c1972986345850902f091bc,2018-07-22 01:39:29 UTC
0xb353ec80769af3bceda0dc7f5fda8087bc753620,2020-05-19 11:21:31 UTC
0xc85e265075893395270846288882da58de91e16c,2018-07-15 16:42:20 UTC
0x8e8d006103d0108eb88eabcf705678b093d595bc,2018-01-26 16:22:44 UTC
0x67ceaf995a72dead459b0abd6c6283f49f24a722,2018-03-19 12:30:04 UTC
0x61f473825e5609822bca816ca0e0c1ca8a65bd3d,2018-07-20 10:59:59 UTC
0x561630b33fe3d30bed51e7758b4363371322ed40,2018-03-06 08:40:08 UTC
0x0d129c55f69da40ad134b7ba894ea0fc83d6db71,2018-03-19 12:53:10 UTC
0xb1ea6fd69478be97dfb9f2f47e01db0b0bc5d250,2018-01-27 07:09:52 UTC
0x0a2a73bfe948767f53ceeb36e469f33c627b36c5,2018-01-27 11:01:18 UTC
0x6dfed85cada9376e7d9d2d5c9ff8f94df1a90c67,2018-02-10 11:24:36 UTC
0x892c5edf0e7b8f3c5e658f4edc6952c289ddd114,2020-05-20 03:23:42 UTC
0x4da4338498bbd690e987c2a1c570f3c373f384f1,2018-01-27 10:49:22 UTC
0x6043f3cbb5a624575a1e8adc6ac8f2c8aacc5493,2019-01-05 22:51:15 UTC
0x012d0134f754c28303e9c70a13a7ec8d0ec22a90,2020-05-23 22:18:41 UTC
0x081fe71c223b41d2224136e398e8a5e3dac148d4,2018-01-26 15:19:28 UTC
0x8782f44a18c351089fa89c92f860dac9640b3ebd,2018-07-17 14:55:53 UTC
0x3b3dc355ac3058f3a7c002e349eb89005a87dc12,2018-07-19 13:32:51 UTC
0xf0eaef3795ac5e2d9cff3b027750906d3175398f,2020-05-20 07:35:10 UTC
0xd030824bc405f695e815bd1d3c466520c91822ad,2018-01-27 06:56:56 UTC
0x9d6282af2e229b87cfc2fc5ed106d01ae912f26f,2018-01-26 15:09:49 UTC
0x539a99483f6f8f99ba339305367d6d8871fbdf7d,2018-07-20 15:43:50 UTC
0xdb8055c52e9a0f6316cd01624a37053d2adfa891,2020-03-22 15:22:36 UTC
0xa076aa246f860bf94557e3e06ee9796d8f2945b1,2018-03-31 05:58:45 UTC
0xe9e0884030c219996545b71340507724e74a32c5,2018-07-16 14:21:52 UTC
0xa93c693c2cb62455613a351c597758aac609f11f,2018-07-19 15:28:41 UTC
0x00547515dbcc154ae9eb225d7e3434c4b1d263ad,2018-05-31 07:44:03 UTC
0x157298e86157a5b38004f12293a3ac37f41f2f24,2018-01-27 11:01:18 UTC
0x7e09f6d97b7e5703e8d3e4cb031c4f518ad6c1bf,2018-01-26 15:39:58 UTC
0xba2471cec68bf01edf661bcb4ca2d04825cb6433,2018-03-08 10:01:02 UTC
0x85bd9f6c9dc1991feafdae57bec242db1ca7c50b,2018-07-19 13:46:07 UTC
0x5e54ef1aa80c323c772be8f10a0f0f18e922f1da,2018-03-19 12:39:34 UTC
0x562eb4b57e7c9c1fa797f35ef3791c636b1f7cc8,2018-01-27 10:49:22 UTC
0x8044be4949c075dae391ef131985b11cfcc9b35c,2018-05-08 03:26:03 UTC
0x406b63f5b6a16afa9f0c8c7332c382c7bb841e7c,2018-02-10 12:16:19 UTC
0x3d1a5c5d2a5bc44ad630f27a1e95877004060743,2018-01-27 05:15:48 UTC
0x4fe79d76130653f87b537011471fa5be4a2b1429,2018-07-19 21:37:27 UTC
0x96b9c5c87e385f557466e6babdb02dd35cd685b0,2018-01-26 16:28:09 UTC
0x0bd1c5da12877c8e1096a66eccb624e003b8b077,2018-01-26 15:19:16 UTC
0x6d648dd8000b17e5696a67c0176f0e436f7fedf4,2018-03-19 12:53:10 UTC
0xaa904cd1eba1283e297a20fdef2f5d57e53076c0,2018-12-08 23:19:36 UTC
0x16f13fcea144cb08c4629b6c4331df54d1bf2328,2018-01-27 10:59:02 UTC
0x66479813c6bf466524d75a11ebed31ccb13c6e8a,2020-05-23 09:32:46 UTC
0x0774981e8ef50b33c9d227efd2cd7dbefac66d79,2018-07-17 14:31:02 UTC
0x8d9a7c0550b96985bf3d9a51f25fe14a34950b1b,2018-01-27 10:30:57 UTC
0xec9efde0e0f200d30062a330071ff094139d36fd,2018-02-10 15:01:35 UTC
0xfe344bc9eb7c13cdfa170f88069b76d377403a36,2018-07-14 03:14:06 UTC
0x701640dd556726e2ad99bf2d91b1815e5f868f8a,2018-08-28 15:35:55 UTC
0xc9374fa154973f3508b1ed946ca38e06e2486005,2018-01-26 16:57:07 UTC
0x32ec3fcd2cf5254f280279d0be4ddfbf4a70f09b,2018-02-10 10:05:08 UTC
0x9f1db889a3ffb88c712ba9fbb6b489c929b49ac4,2018-07-22 12:54:21 UTC
0x94940ca0987acf978ea7021906327a0b0097b4e9,2018-03-14 09:23:20 UTC
0x980db7dfdfbd706c2757b1a920f11ad07de33484,2018-01-27 09:32:21 UTC
0xd814da02c10c0a4f271cf737bafc2fd4fc7f3f90,2018-01-27 06:45:48 UTC
0x2674ee2c568e2caa917ebaffe1f3b3ac22f178c2,2020-05-28 13:46:23 UTC
0xf3981843b483cf2b1342059721889f8628e86894,2018-08-29 18:03:29 UTC
0xb1d58ae46c613952706f56685f57b840b7d48d5d,2018-01-26 15:31:56 UTC
0x6e0dd2305cd84da584bf4d59e943c792f4415030,2018-07-23 04:57:08 UTC
0x54ff62e93f5801d423919ad2fd4b1b58d793c635,2018-07-24 13:28:13 UTC
0xe30a54ee53cf9ffb8cc3906b4a3c4fabb2489fc6,2017-10-27 07:08:55 UTC
0x36f7abc3da7447e26f98eaaee0b43c8be1ca385d,2018-07-16 18:18:49 UTC
0xd17fd68e70278c3e904c484b80bbbcdcaecb2f15,2018-01-27 06:56:56 UTC
0x3eebb536c53e44c1f0aed72111aea8a8f0f612dd,2018-01-26 15:14:17 UTC
0xc9b4d602bb46ec0603d76de95774b8c6a772ae6f,2018-01-16 01:26:26 UTC
0xfc211b719c31378aaadb3ad61f4833629a669241,2019-01-04 17:07:25 UTC
0x8d51edd8cff2062d3008da0620916f925a3364ab,2019-01-04 16:49:42 UTC
0xdea452894621a2fd74fa2a0bef5d647fb38c4691,2018-01-27 06:45:48 UTC
0x6da93012cafa111f4839dbb3cb6ba9647136ad2d,2018-01-26 14:32:50 UTC
0xa87fe71f421c045fbcd7c190ce0e9ea4fbdf3bdb,2018-01-27 07:09:52 UTC
0xec06c7314d6d9698760a1a089b6a7b1c961a7c4d,2018-07-21 09:15:36 UTC
0xd0a23aa387a477beef840ce4bb81fe048578f65f,2020-07-04 01:03:33 UTC
0x80c1dcf637af9194a57167e302251154253552df,2018-01-26 16:00:10 UTC
0xfa4ae7b7764165403b4c1c79bd1bb24b431f138e,2018-01-27 05:24:18 UTC
0x5f50e6fb7898ff657b948b0519f4495cda6880d9,2018-07-22 08:39:51 UTC
0x7ac04d62b8ca24808ae0ab7efda401f6e4659f32,2018-07-16 15:49:46 UTC
0x8f80686e4bda4320a322f7cff5f9b6d697314729,2018-01-27 09:33:39 UTC
0x453ddddc9f223916ba98925bec3a307b37d0d6b0,2018-10-12 02:50:17 UTC
0x8fd8cf9f6c78e33fd8baa5496abf8418cf624563,2020-05-19 12:45:01 UTC
0x7aea632bdc621ceb8988f7abf8be97403d5afa51,2018-07-21 02:43:42 UTC
0x831dfbfb815546293d5d85dbfe703bda5cffd35d,2018-07-17 16:17:27 UTC
0x7c86e88e1c9856a3443b70cbdf2d352de4ea8a20,2018-01-26 14:38:40 UTC
0xe1d780caca06520ff50f50d13e1de8ef2643e2e5,2018-02-02 15:24:50 UTC
0x106961c2c8c98fc0a6ef94af7a00454824380865,2018-02-10 17:57:46 UTC
0xbc4b3a5f0eb45f8aaee8183a76e40e555683d5f3,2020-05-25 01:34:53 UTC
0xf00f596523b9d76f163155baa8edb82f95f062a3,2018-07-21 05:55:24 UTC
0x9935c396ea75bec614b9d50e01499e894d7b324f,2018-01-27 09:32:21 UTC
0x62a65bd2420703ee6f9cea1e93084f797b446211,2018-01-27 10:42:39 UTC
0x1603029ed2ad85fdc78efe0db3191a482ba21395,2018-01-27 10:59:02 UTC
0x0527d9352a24a47e1e327d00b76d32ca1f2a473e,2019-01-05 18:40:07 UTC
0xe523511ed8dff0490626ba4b06dc57836b93b05c,2019-01-07 17:42:05 UTC
0xb96b4ff3840c2c0340fd5e0519adb5d1f832cfc4,2020-06-02 16:07:54 UTC
0x2c43d76c894d5de7cacf0eceda517e68bff0e7ce,2018-01-27 10:56:33 UTC
0x04530226d3ed3f455ada78a6b1bc3e4267a607e6,2018-01-26 14:51:44 UTC
0x6e9450fda801b5e29324d4f73cd2efc771e411bf,2018-01-26 15:09:49 UTC
0xfb5ddb6a1cba9fb57e76125400f958b024706da3,2018-03-07 10:52:33 UTC
0x558e2f2f6e83b0d066e11242109985fb78a6c324,2018-06-09 05:53:26 UTC
0xeedf7c388b07fe9d0f8d0d92a50e4fb99ce813be,2018-01-27 05:30:03 UTC
0x823affdfc8cd46e98ab2cdce1579498c27d95105,2018-01-27 10:35:22 UTC
0x2daeed68d3882a7f836bf5e4933fdc02bd5e9e28,2018-01-27 10:56:33 UTC
0xc2b3700a2b1477786485159cbd051bc8ea4b6e7b,2017-11-18 11:09:07 UTC
0x7366d06133d889f374c67211136fa7f1a6c7b79d,2020-05-09 22:56:47 UTC
0x8308425543c1e1485e201bd03d5f5657235f3172,2018-02-10 11:57:15 UTC
0x6c13ded040f78699f716b537241e16a12ed35823,2017-12-22 12:29:16 UTC
0x7588ed241c60fb0109415ce458de6cd6bd4b498a,2018-06-09 08:32:18 UTC
0x068ba882f54af5d7e8e72150fcda2fa6810fc8be,2018-07-17 16:04:02 UTC
0x62d403e97ce2f332e0c5bffe7c31688b671a1253,2018-02-10 13:06:53 UTC
0x129019402d5a4ef513a933717bfd1592a4fac7e1,2018-07-25 08:04:07 UTC
0xf9e263e1fcef95a2c732ba0381ec70c151f9201f,2018-07-16 17:07:27 UTC
0x0b7c451c062f457837314754056ac8ab09fae854,2018-03-07 07:47:49 UTC
0xb21124662a4db92e477e2e5b240b7c897f352b82,2018-04-01 22:56:24 UTC
0xf4a809caa26d4f39366bdea3689821df525df31a,2018-01-26 14:33:33 UTC
0x0f2a424c31ea8d950aed521be22e79ee6ad8fdbf,2018-03-07 12:50:52 UTC
0x8cc0120af5ff4dd3387cf99a4edb098c60f60277,2018-01-27 10:35:22 UTC
0x968dfb8b25e7cdf860d4af705306b18fa69ef9df,2018-07-20 19:57:17 UTC
0x00ec224025ecd7a64205c1c9c5cb6994e04efa58,2018-01-27 11:01:21 UTC
0xc80df11ffe641c4299c3754eedeb1cb62b4076d7,2018-01-27 06:58:06 UTC
0x729f049686424e6b225130101c200491c4c506f1,2018-07-24 12:59:41 UTC
0x072fb5310736c1345a7519c1f3ed61befe8d2a9a,2018-01-27 11:01:18 UTC
0xf1510c3efa25bd81e681e998b21f2de6db0c6262,2018-01-27 05:29:52 UTC
0x2861db931bcea25193d63702bf2bf8237d9c9494,2018-01-27 10:58:30 UTC
0x284d4996013286c825871e702ab3913a5aa1eaeb,2018-07-26 08:31:38 UTC
0xf76958cba1c1e68b81a3580a1eaad0644257ada0,2018-01-27 05:07:13 UTC
0x3e14918e2f7d1ec3be93f84cde1a0ddfb17f09d9,2018-01-27 05:15:48 UTC
0x9ed544032eace2d73cfde4457d77681c1413165c,2018-01-26 16:00:10 UTC
0xf147ba0cc2ca01f5118e7f89d0a7b3b8890b6d10,2018-01-25 10:05:14 UTC
0x3207ca13844ebc484badcf4384df6b105f11b422,2018-03-08 06:32:52 UTC
0x800c0585e7ba40c264cbf049aed60bf1bed662f4,2018-01-26 16:50:21 UTC
0x7514fe3dc983d64dc805980a2cad8031f91107cf,2018-03-08 05:56:11 UTC
0xc357f713bda52b26f16bc5b8dab174eb9dcd3abb,2018-08-29 12:00:28 UTC
0x115f24e501792d2481f555ab3168da32857b8381,2018-03-07 12:50:52 UTC
0x7d44293dca6ce868198e13afccea3dfc0d3ddeeb,2018-01-26 14:27:07 UTC
0x0817cda41f5b7986c06d4af185ac9ca4ac66f1ae,2018-02-10 14:18:58 UTC
0x327c159e2464d87a63e312c982065ca4c9bad163,2018-01-27 10:56:33 UTC
0xf10c465000796b879954554bbbe31b5aeee128b7,2020-05-29 08:52:09 UTC
0xd5c5051001fca5b3a6f3b3c5e96778c26426b42e,2018-01-27 06:45:48 UTC
0xb0080616d042ed3bf9cf46fe5500efb36cbe9c69,2018-01-27 07:09:52 UTC
0xc8f9b28220b3b6025ccfd78f486c2c16ce313e72,2018-07-28 20:50:36 UTC
0xd4fe0f4a74592413d5d15f41ac2bfa12f2269d97,2018-01-27 06:45:48 UTC
0x1980400caae34a76d86ac827e26173b3b24c8ad3,2018-01-27 10:59:02 UTC
0xb5403202c07f77fde71a65e183229296abdb9535,2018-01-26 15:09:40 UTC
0x0300854db4821c8874b760b50d7286e6db8aee2b,2018-10-08 05:12:22 UTC
0xccab1b3577c9663eebc56f3a27a3e9721d3c615b,2020-06-24 15:59:18 UTC
0x09ac022b6fbcc56dcb946c703e39db006fd0c419,2018-07-27 01:19:56 UTC
0x7973186a1861c3739920e0035ba98416cc86885e,2020-05-21 04:00:56 UTC
0x13b9f126848fc3d36e5b7e0b900b3910dd8eb09f,2018-02-10 10:25:29 UTC
0x84fb5e39c8bb449725f3ef0b989a92df40fc1953,2018-02-10 13:53:59 UTC
0xeb29f2309214871473fd88569768962c662317e3,2018-03-07 13:02:18 UTC
0x0ee18b0d8a1a48990a03d0a7d70a01cf4521e092,2020-05-27 15:13:04 UTC
0x5a94f9550a595b5b072032302557a376eeeb481f,2018-07-20 21:17:01 UTC
0x8b9ab0b5290a4c91ee3f83b04c6e8dcc5e76c899,2018-07-17 07:57:23 UTC
0xf5e4ba34152df532b9f6caa5ae4f94f86539a8f1,2018-07-20 19:16:41 UTC
0xcac60227a7f707160b5202c78dfc2331700162ce,2020-05-02 16:08:53 UTC
0x91837977740e2f5c1ea8c641332104ed0c2fe045,2018-01-27 09:33:39 UTC
0xa1e906c4910857c9c48cdcb404c81dae87fca460,2019-01-05 02:01:57 UTC
0x27ea598d6a57c85baf91a5e51dbd76e6832f5a00,2018-07-25 16:30:52 UTC
0xab544aec9b823c57d1f7d9098e87cca5c78dbdde,2020-06-10 00:07:41 UTC
0x8095a7f43172d347fb0163f59e0ddf4010320f37,2018-07-24 13:36:24 UTC
0x9b89d2707cba6dd93fd3177cc2dca60654b27822,2017-10-27 19:14:37 UTC
0xbfca4913ede629b9b8083aeb0a6a941fa7bc181e,2018-01-27 06:58:48 UTC
0x700e525fbf61015880680784436236c0cdad9a1c,2018-03-07 10:14:42 UTC
0x4bf030c42c163acd13c26b453324337201d8026d,2018-07-21 05:15:57 UTC
0xb7bc5bb522867b0117ccdd001a25e3bc79492f14,2018-01-16 12:28:50 UTC
0x297dd14534c260737d9fc07313626b228fb20894,2018-01-27 10:56:33 UTC
0xce668d63c2fb88854cb0a9146ae41a620afda743,2018-01-27 06:56:56 UTC
0x25ca3e7e1485990358b71961af850fa804d776d1,2018-01-27 10:58:46 UTC
0xcac994bab99b8163d31f0d16ae48d993a90131e7,2018-01-27 06:58:00 UTC
0x13dbbd454533368fe07d84728e8ab061a8cf154b,2018-03-07 10:47:25 UTC
0x379ba67c5c6bb27522fceb71a708a5387ba551b8,2018-01-26 16:28:22 UTC
0x6595438e71c6696483b8fe0887f9f7306eb53cc1,2018-07-22 05:32:18 UTC
0xdf093bf0e7be01040937cb6f0341644d40ea57d5,2018-01-27 06:45:48 UTC
0x045ae1784e6f4405549490e7ffde70b6d54fcc2d,2018-05-03 11:47:07 UTC
0x1064a22496d9a8db88a726f981ce2b13318bf57d,2020-03-26 02:45:22 UTC
0xec6ac6ee661267b6c1e26c82360f52e6886a0429,2018-08-28 15:22:31 UTC
0x5b9e454e9277132e6803c177a42fe234f7341f49,2018-01-27 10:47:19 UTC
0x7ab45900b929e5e4ad7183a3e7d5c14e2a7248b5,2018-04-01 22:55:20 UTC
0xa5077574c148573c5adc973053a8c72401d6b3a2,2020-05-09 05:52:02 UTC
0x0f477ce6dc9d2800e83725652c602a4f18c4a45d,2017-11-07 17:52:13 UTC
0xb6ca7329e008e5e15a315b0eb8d66f383137dc52,2018-01-27 07:08:27 UTC
0x1611c8902bad1b41582e39a3812018c92892a770,2018-01-27 10:59:02 UTC
0xf411fe23c2a8d631187a0825dcf8d99b86319bc1,2018-07-21 09:47:18 UTC
0x2dd6c6391805f1c74461adf7f7d6e3e84dfd7060,2018-01-27 10:56:33 UTC
0xe114f8b15b6ede03e3d3b8ec6637be0050eab553,2018-12-31 11:42:13 UTC
0xe35f963b331d895ca4ded01e092807a3ec616bd3,2018-05-31 08:01:07 UTC
0x39af5af348fa45acc5c1e7ab11dd78fb3f94a9e9,2018-01-27 10:56:33 UTC
0xd78bed399062d611974806d949ab052acf007801,2020-06-17 11:04:26 UTC
0x8f503f639d304062c0b01647eaa3c115588a613e,2018-07-24 09:03:32 UTC
0x00fe55b7d9ccf569985bff6448ccb482677a5e86,2018-01-27 11:01:18 UTC
0x09d6c8599da714fda19771e00bd4401fc933273e,2018-02-10 14:40:05 UTC
0x36a056fc4a55d6e935cbbc4dd2c3653b516def94,2017-11-10 04:52:05 UTC
0x43bb14372a8e6983192797601c8c178dce9b0978,2018-01-27 10:56:33 UTC
0x6348f0b73da0fe697074676a26c53a9b5c4a04b9,2018-01-27 10:42:15 UTC
0x76e8047c19be5a2838881025ff612f1af2278bd6,2018-03-08 07:37:27 UTC
0x353492517f7554764231ec308d30c80d85919241,2018-01-26 15:14:17 UTC
0x75bdf81c81db9659f1e21614b7997cbc492b33ff,2018-07-17 05:59:37 UTC
0x4eba6bfa9d05517efb90dc73603835716242537e,2020-05-22 22:22:32 UTC
0x691053a11b569b45eb2ff7788c4e138623812fa1,2017-11-10 04:52:05 UTC
0x129feaccfb4ecf9485e55b892b144f13108b7cac,2018-08-28 15:21:26 UTC
0xb517e5778d3ab115d92ada0f14ceba067240bf56,2020-05-12 04:50:07 UTC
0x4d54d69b6c6e18253a71383a9663d2ab38b3d392,2020-06-18 03:55:30 UTC
0x35bd0225bbf881dd7438ffb8911b942268209a58,2018-02-10 13:04:09 UTC
0x17e03960713cf45d6177c1da609a3d78fb2d6de4,2018-01-26 16:14:54 UTC
0xb2bc05cfb2df236cae363648bdd1a22d4dbc2778,2018-01-26 15:31:56 UTC
0xe671ebc65e06c63c664b9df920b50a2be3f57ef3,2018-01-27 06:42:00 UTC
0x4b2d0208ae42dfe25d8db73a43bec5373b6751cb,2018-09-16 07:31:49 UTC
0x2cd3c4ab1876b42a1227a5b6f8206d8ca2abbd2c,2018-08-28 14:33:05 UTC
0xc74a1997ec70a01a8961acdd1544e55c8233fa16,2018-01-11 11:29:28 UTC
0xf62c52f593ef801594d7280b9f31f5127d57d682,2019-01-07 18:59:57 UTC
0x621607375df19b058be27a87c8e8e07f9c3c135b,2019-01-07 05:17:20 UTC
0x987ce36e6c6be1b4f56a139b78122436aae814b4,2018-03-14 09:14:45 UTC
0x2a885002f6359d8081ac9ea7221858a7900c7e01,2018-07-22 08:42:44 UTC
0x4088e0a128ed0fcb5230eb9ecff52802617b8344,2018-07-19 18:51:31 UTC
0x95a04ee797ac0e1a4b277eaa04449961aa4b8d4e,2020-05-21 09:17:57 UTC
0xb9d202e2621abb3c2319f1bf77df92c96f5da029,2018-01-27 07:05:32 UTC
0x754bf26551bfcd7ff0b1f53d325cf5268174fea7,2018-01-26 15:31:56 UTC
0x466306b9d400a3b9b37ce78c68aef7f134e8610a,2018-04-30 20:45:29 UTC
0x9a71236d0696312bbdbf7f79c43301ee98b9dc74,2018-09-02 04:35:34 UTC
0x2ec96be1fa66f16d617f9342b7e8693919e69823,2019-01-08 09:33:20 UTC
0x7acc78f3ff4c5f44bb0d0596ff09b782e85d9ad2,2020-03-28 13:29:42 UTC
0x0b2de009825eac9a347868b44349aa32e91ef81f,2017-11-10 04:48:41 UTC
0x0d5b4b93b5c295df2fdc6a9f68cf9a0712d6b05e,2018-01-27 11:01:18 UTC
0x283aade3b1d7fd75f69ee1a9a3ee7e5760c99669,2018-02-10 07:24:54 UTC
0xaed283358387b36d67cf9fe2a5eb7e76b7799c1a,2018-07-22 04:54:34 UTC
0xfc2321e3af1a9841645ed38c61d83ef42001de0e,2018-01-27 05:24:18 UTC
0x5b28a114ff510e1b3035354c00eccc3f620c9968,2018-01-27 10:49:22 UTC
0xe9249fb34288bac6430a421307ee4f2038974d3a,2019-01-08 17:07:06 UTC
0xbfd9355b1fea34831ad4a8ed2f7aa789b479e66e,2020-07-02 08:49:04 UTC
0xae4f8e8ecb6d1a6deb871ad7f5e12d5238584404,2018-09-02 07:56:27 UTC
0x41d8aa72ff034057feac10b32db585cc1474d0bc,2020-07-27 10:18:43 UTC
0x6db337e1e52f43adc6553dc6dbd5cff248e64664,2018-01-27 10:39:02 UTC
0xf995df8ed89fbe2d06e7f92a3dcbffadf345e06f,2018-04-01 22:56:24 UTC
0xf9038748140d98ddebf158816a7e441b2295a1c6,2018-07-18 12:02:22 UTC
0x233a79d359b184f260e2c429d82be4af1fcd8847,2020-05-21 00:54:45 UTC
0xaf521e2ee381076324cd1ee52e22c65dd67f0066,2018-07-17 15:52:56 UTC
0x3b17e38e61f65cce496fe7a821c146d6f971fa58,2018-01-08 12:10:05 UTC
0xbe036dca6905b49b2d787f3e5674125b2690ef59,2018-08-29 06:05:41 UTC
0xe696b03099ed91b8927d6d0f71837639d219f9dd,2018-01-27 06:42:00 UTC
0x1fb46b9ebc17d2779ed0097dd56d5f8ee62ce5f9,2018-01-27 10:59:02 UTC
0xb469e39296d46f1e7be8c662e53968cdf283b07c,2018-01-26 14:51:44 UTC
0xa73dda73019d97147b81ac25332a457e66a1ae47,2018-01-27 09:32:21 UTC
0x3f0e69587efd4bc54594655ec012119d8739b277,2018-07-15 01:50:24 UTC
0x2597d34801e1afbb75d52026b8021b3416edf529,2018-05-03 11:49:25 UTC
0xf27fbfabf2e05ef4afa708498ef36e7bf355e8db,2018-01-27 05:25:58 UTC
0xd27e029d14759dd6a145907f22c382c81612123c,2018-01-27 06:56:08 UTC
0x171aada07b4ee25072ee3375e812f47ebd89c9a0,2018-01-27 10:59:02 UTC
0x6fe24cd08f086cebc600daef1f94dbf65c85b77e,2018-07-23 11:45:03 UTC
0x889ad1dc36aab372c67bec5d2662421d4c079ebb,2020-05-24 22:03:10 UTC
0x3fc763a25306b045e6d3823a2600bef493bdf68e,2018-07-20 11:49:58 UTC
0x303d1fe7d476e34af037690bc70ac540e2bbe356,2020-05-19 11:54:40 UTC
0x32f10b1844f5ccd0db59dbfd84d8870b5883b7ba,2018-07-17 02:06:21 UTC
0x70ea8d23f749b4bccefb68c0385947704b2ca823,2018-01-27 10:30:57 UTC
0xa39776571095580cb6ca7272f4615d091019a299,2018-02-10 16:34:12 UTC
0x5bf50882330a1f3d20c6553873151ad672738129,2018-07-25 06:41:24 UTC
0x6563fe18104c49177c55885ecc3ecc74927218a9,2018-01-26 14:58:38 UTC
0xb85ae5e3f6da7d609e0b5b662a4ee73b5c8464ec,2018-01-26 15:55:19 UTC
0x37f66a9a7880d86f590f9b6a3334ced37e657841,2018-07-16 01:53:43 UTC
0x0fd955d29d88a2b7258f8b364cdfe36c2996438a,2018-07-17 02:18:48 UTC
0x16794975805e6fb171f37e81901ad8bbba01c6be,2018-07-20 20:13:36 UTC
0x68edcd3272c52593037973d02c75ee0e101838f6,2020-03-26 03:01:37 UTC
0xbc843ccbe7793fa1850908ab04863226b0ff0a4b,2018-01-26 15:19:16 UTC
0x01855e0da871ca324aaa3db2b8092735fb8d4643,2020-05-20 02:14:23 UTC
0xd9ff29055a18de2059ff86a39c5f0bc2ccd995bf,2018-01-27 06:45:48 UTC
0x0b884596250efa84681075ace1b82bed93ded527,2018-01-27 11:01:18 UTC
0x3a2e3849945aae6b87e0ef4d13940049681e0b36,2018-07-24 11:21:54 UTC
0x0fba5e3616f9f90d8804100330f4ab2312598f9b,2018-01-22 02:24:41 UTC
0x3628a7d65fd6054a4e021389d8d54e253d6a83a7,2017-11-02 11:09:05 UTC
0xf5d54df05e7db4333c2130456f9fc54c3059f593,2020-03-26 03:01:37 UTC
0x71bfb3dfb5e0d093449a6076e18368bc76ef6020,2020-05-25 04:06:31 UTC
0xd3012c993d14848446e3c76be80a6c880632e0b5,2018-02-10 10:44:27 UTC
0x759cb1a5a9003c1ec3ab8ae85ddf9a972dd1ccb2,2018-02-10 11:04:36 UTC
0xf16430119cc835e50d447dd580bc65a138793a61,2018-01-26 16:15:52 UTC
0x8d12a197cb00d4747a1fe03395095ce2a5cc6819,2017-10-27 04:24:22 UTC
0xc069e637d3fe95d0fdac1010e65408925523f5e5,2018-01-27 06:58:12 UTC
0x5b2f1b5e6988b79305a8f2b29afcb629403a7863,2018-03-19 12:48:43 UTC
0x862ccab8e553768e01334696a055bc8e05e1bb2b,2018-01-27 10:35:22 UTC
0xed2d52eed76a2a730e76c301deb3e719edc83b3b,2018-01-26 16:57:12 UTC
0x1f3fcd1c697cab8cd33f423249dfb26b0919a4d1,2017-12-18 02:52:55 UTC
0x4633838c575c70218fa9b332eb43196d38159ee3,2018-07-17 04:06:22 UTC
0xdc99ab6b72b5c4d9ff5854084bbbc68c8d06712e,2020-05-20 08:41:58 UTC
0xb4e59b6cbb250290f6044f4e57d253be97f42c02,2020-07-07 18:51:00 UTC
0xd77964aec620b42224073d13bb99638b5c6f8541,2018-01-07 12:43:45 UTC
0x7c21d723af0f4594d4f8821aa16bc27c8ea6cec7,2018-02-12 15:01:39 UTC
0xfcf4844d0141a6f9c66b580927e02a31cb3264e2,2018-08-28 14:27:36 UTC
0xf8d8a1a9d683c5da8cd80ceadf0412c37bac69de,2018-01-27 05:25:41 UTC
0x60cce9e2f8f66d19e52ad84a37d9cdc80b7aacf3,2018-08-28 14:32:16 UTC
0x2a5a89280155c54ba8d686c86bcb86248797f8f7,2018-08-29 12:00:28 UTC
0xd9110031cab1fb2ce2ecb7a7533ba9e0ccbad65b,2018-01-27 05:10:12 UTC
0x8469fe7666bd77f7f612fcd8614795e14e759510,2018-03-03 00:24:39 UTC
0x7f2716e2d4795f34339a3545b4bcaf59a6492275,2020-03-22 15:24:08 UTC
0xc8f0eaf0d45d7ecc8e18b8037615cfc42229968b,2018-07-19 14:40:17 UTC
0xeea4a947296ce7702e0a7e97c6937980e406ff53,2018-02-10 07:11:32 UTC
0x595e1f0a04197a48bd14db464a555a6310c5f0db,2018-03-19 12:53:10 UTC
0xa35097cd5196bb81897a45bee9baf263140ed8c4,2018-01-27 09:32:21 UTC
0x0f9d5315f3ed2c400cc2df481e0f8c4bb3008bc3,2020-03-23 01:11:19 UTC
0x941e0ebcdafde772f4e55ad1ace56fefa1d255f3,2019-03-25 05:44:04 UTC
0x95f60ca9be61cf2645155828cc5dd0998e4a0e2b,2020-05-19 10:04:34 UTC
0x64f77a75f69e7e129082d58d30436599829a1092,2018-03-26 18:14:20 UTC
0xc81d4262773ba64f8f5205423f8794267fb7594b,2020-06-17 11:03:47 UTC
0x18667d879a1155c556c2e05fb572a12711589bad,2020-05-17 13:20:40 UTC
0x416ff2f4f8d2eb39bc556c1c26bf5e7d593adde6,2018-01-27 10:56:33 UTC
0xefd9323fc8a4fe2abbd8bef3533c9404c71b8e4e,2018-01-27 05:29:52 UTC
0xe734cf8f91f2d41c663388e40417ba28783e6ccc,2018-07-17 13:46:35 UTC
0xaf03389139070c44215b074f4452f2b7fa07445e,2020-06-24 07:17:32 UTC
0x02883784f11ff19596018e23644091af03b0885b,2020-05-23 13:36:54 UTC
0x6de171458f3866091d4d352ffef906be62dff3d7,2018-01-26 16:10:25 UTC
0x8fa18f5f859bddaa1d854a1cd23dad5736471d96,2018-03-19 12:40:33 UTC
0x48ccadcb6dbce67f509d5315754f0980ab27ee24,2018-01-27 10:56:33 UTC
0xd9ae12448638838f937cd356f8fa44d2452e8fbc,2018-01-27 06:45:48 UTC
0x8dc495bf728c93c83c37cfedc20ad8e628befb6b,2019-01-04 15:05:40 UTC
0x6b2b9fbd89f692bba216d42adde3405512afdd04,2018-07-13 11:52:58 UTC
0x803bbda574068430b9d98b73cd7533bf18692c6e,2018-02-10 13:00:55 UTC
0xf7a7122d7e2373e81bb5d4e9c58a10ded5ecd093,2017-07-17 08:51:35 UTC
0x4a3a12932a84a84e8a419d8e7bff42f4f171d17a,2018-01-27 10:49:22 UTC
0xd394b43a195ab69d305d54c0d3ed1967f5a8b160,2018-01-27 06:55:27 UTC
0xea141cedf81b8837b84a11518db453662fe8490f,2018-07-14 03:19:50 UTC
0x62cd96745e3c1c9f6cd83208dc10e2ae0f2cbefa,2019-01-07 12:40:12 UTC
0xc526a8996fa8ab0def1758d36778e51a3940b7c2,2018-07-21 03:42:34 UTC
0x5b7d04b4b10fb187ad1cfa8846a3a5a76857dcf8,2020-06-12 15:10:05 UTC
0xe583c9237ab771c10b51e07d45c453610bcbd52e,2018-01-27 06:42:00 UTC
0x22adbe16d6f9414968e773183f3f668aed356829,2018-01-27 10:58:49 UTC
0xcb09dd548fd9791c7e7ab425adb1b1577b8431aa,2019-02-25 18:12:52 UTC
0x35a887e7327cb08e7a510d71a873b09d5055709d,2017-08-17 17:34:43 UTC
0x04a6360227045dac4fb23662eacf56311ce8a7b9,2020-07-08 02:04:17 UTC
0xb7c8bf5626e50489b74003c3ad54623194840f59,2018-02-10 07:04:48 UTC
0x05b835e91c8e42411d39e70c4f0406c9ae7d0cee,2018-02-10 13:52:42 UTC
0x7fb34f22c60c8bc840c8644151b1a5a69e88dbe5,2019-01-08 05:01:48 UTC
0x566e91e9c248fee5929a7ddd668b7262ba9fef83,2018-07-15 17:11:58 UTC
0x2fb4a9144e5d08d4dd6611c9eef9bf61adae2eec,2018-07-22 05:34:00 UTC
0x80ab8a74b1553c296eac0ab93f44de86463f4155,2018-01-26 14:31:46 UTC
0x8d3d7b4f9088458d2e14ad3d300534d4d59a5093,2018-01-27 10:30:57 UTC
0xe12da0729b71895eb4ab87e59db259e2ea1e3064,2018-02-10 18:29:36 UTC
0xaadf2b02b751448b053eda6456c6d93cc2b74e1a,2018-02-10 09:39:56 UTC
0x084ba8b0386943f17be352bb3e6676ee50b974f8,2018-02-10 15:41:55 UTC
0x5cab05b069b36bece79c6250bf85d426c0094ccc,2018-01-27 10:47:19 UTC
0x580e2ed175829691ea4eb92ab9f50c725d7ce9ed,2018-10-07 09:14:42 UTC
0x98d221eb2b64e3b3aab4d2665ca936295119bebe,2018-07-20 04:22:12 UTC
0x0d463c7157286c8a732088b0a38b736f1ea81812,2018-07-17 14:02:22 UTC
0x3beba388f63eb8fb0b07353df071f24ac80e0f17,2018-04-09 16:30:16 UTC
0x8e047d4203a4a154a0c4105cee4e22be4f793bac,2018-01-27 09:33:39 UTC
0xaa576d4fb1edba61c5b96fcc8b41cdc9ba1c1a0b,2018-01-26 15:55:19 UTC
0x8381c97b12a0eee9c649ecdf570b1386ecba4135,2018-01-27 10:35:22 UTC
0x60c8ed24925360cd63c25a1fcfc31bda2af4a8c6,2018-07-20 17:08:55 UTC
0xf9f35534402f7277241dcc44bf36c13f1ca2f9e1,2018-10-19 07:59:04 UTC
0x1add80051f7b7e64e58944e84e1eeefdc14f427c,2018-07-19 16:49:59 UTC
